CELL_ID,VALUE,ANNOTATION_LABEL
1,3,Endothelial cells (CD31+)
2,5,Low expressing cells
3,3,Endothelial cells (CD31+)
4,6,Basement membrane (collagenIV+/Perlecan+)
5,6,Basement membrane (collagenIV+/Perlecan+)
6,0,Proximal tubules (CD183++/CD227-)
7,0,Proximal tubules (CD183++/CD227-)
8,0,Proximal tubules (CD183++/CD227-)
9,6,Basement membrane (collagenIV+/Perlecan+)
10,0,Proximal tubules (CD183++/CD227-)
11,4,Distal tubules (CD183+/CD227+)
12,0,Proximal tubules (CD183++/CD227-)
13,6,Basement membrane (collagenIV+/Perlecan+)
14,0,Proximal tubules (CD183++/CD227-)
15,9,Myeloid cells (CD45+/CD11b+)
16,0,Proximal tubules (CD183++/CD227-)
17,0,Proximal tubules (CD183++/CD227-)
18,5,Low expressing cells
19,6,Basement membrane (collagenIV+/Perlecan+)
20,5,Low expressing cells
21,6,Basement membrane (collagenIV+/Perlecan+)
22,9,Myeloid cells (CD45+/CD11b+)
23,0,Proximal tubules (CD183++/CD227-)
24,0,Proximal tubules (CD183++/CD227-)
25,5,Low expressing cells
26,5,Low expressing cells
27,5,Low expressing cells
28,0,Proximal tubules (CD183++/CD227-)
29,5,Low expressing cells
30,5,Low expressing cells
31,6,Basement membrane (collagenIV+/Perlecan+)
32,9,Myeloid cells (CD45+/CD11b+)
33,5,Low expressing cells
34,5,Low expressing cells
35,3,Endothelial cells (CD31+)
36,5,Low expressing cells
37,0,Proximal tubules (CD183++/CD227-)
38,0,Proximal tubules (CD183++/CD227-)
39,2,Immune cells (CD45+)
40,0,Proximal tubules (CD183++/CD227-)
41,5,Low expressing cells
42,0,Proximal tubules (CD183++/CD227-)
43,0,Proximal tubules (CD183++/CD227-)
44,6,Basement membrane (collagenIV+/Perlecan+)
45,6,Basement membrane (collagenIV+/Perlecan+)
46,6,Basement membrane (collagenIV+/Perlecan+)
47,0,Proximal tubules (CD183++/CD227-)
48,5,Low expressing cells
49,0,Proximal tubules (CD183++/CD227-)
50,5,Low expressing cells
51,5,Low expressing cells
52,0,Proximal tubules (CD183++/CD227-)
53,5,Low expressing cells
54,3,Endothelial cells (CD31+)
55,5,Low expressing cells
56,6,Basement membrane (collagenIV+/Perlecan+)
57,5,Low expressing cells
58,4,Distal tubules (CD183+/CD227+)
59,1,VSMCs (aSMA+)
60,4,Distal tubules (CD183+/CD227+)
61,5,Low expressing cells
62,0,Proximal tubules (CD183++/CD227-)
63,5,Low expressing cells
64,5,Low expressing cells
65,0,Proximal tubules (CD183++/CD227-)
66,5,Low expressing cells
67,0,Proximal tubules (CD183++/CD227-)
68,4,Distal tubules (CD183+/CD227+)
69,5,Low expressing cells
70,6,Basement membrane (collagenIV+/Perlecan+)
71,4,Distal tubules (CD183+/CD227+)
72,0,Proximal tubules (CD183++/CD227-)
73,0,Proximal tubules (CD183++/CD227-)
74,6,Basement membrane (collagenIV+/Perlecan+)
75,9,Myeloid cells (CD45+/CD11b+)
76,5,Low expressing cells
77,0,Proximal tubules (CD183++/CD227-)
78,6,Basement membrane (collagenIV+/Perlecan+)
79,3,Endothelial cells (CD31+)
80,5,Low expressing cells
81,6,Basement membrane (collagenIV+/Perlecan+)
82,5,Low expressing cells
83,6,Basement membrane (collagenIV+/Perlecan+)
84,0,Proximal tubules (CD183++/CD227-)
85,5,Low expressing cells
86,0,Proximal tubules (CD183++/CD227-)
87,1,VSMCs (aSMA+)
88,0,Proximal tubules (CD183++/CD227-)
89,8,Macrophages (CD45+/CD68+)
90,0,Proximal tubules (CD183++/CD227-)
91,4,Distal tubules (CD183+/CD227+)
92,5,Low expressing cells
93,6,Basement membrane (collagenIV+/Perlecan+)
94,2,Immune cells (CD45+)
95,4,Distal tubules (CD183+/CD227+)
96,3,Endothelial cells (CD31+)
97,0,Proximal tubules (CD183++/CD227-)
98,4,Distal tubules (CD183+/CD227+)
99,1,VSMCs (aSMA+)
100,1,VSMCs (aSMA+)
101,5,Low expressing cells
102,0,Proximal tubules (CD183++/CD227-)
103,3,Endothelial cells (CD31+)
104,2,Immune cells (CD45+)
105,1,VSMCs (aSMA+)
106,4,Distal tubules (CD183+/CD227+)
107,0,Proximal tubules (CD183++/CD227-)
108,1,VSMCs (aSMA+)
109,8,Macrophages (CD45+/CD68+)
110,8,Macrophages (CD45+/CD68+)
111,5,Low expressing cells
112,3,Endothelial cells (CD31+)
113,2,Immune cells (CD45+)
114,6,Basement membrane (collagenIV+/Perlecan+)
115,4,Distal tubules (CD183+/CD227+)
116,9,Myeloid cells (CD45+/CD11b+)
117,5,Low expressing cells
118,3,Endothelial cells (CD31+)
119,0,Proximal tubules (CD183++/CD227-)
120,2,Immune cells (CD45+)
121,5,Low expressing cells
122,2,Immune cells (CD45+)
123,4,Distal tubules (CD183+/CD227+)
124,0,Proximal tubules (CD183++/CD227-)
125,3,Endothelial cells (CD31+)
126,6,Basement membrane (collagenIV+/Perlecan+)
127,3,Endothelial cells (CD31+)
128,2,Immune cells (CD45+)
129,4,Distal tubules (CD183+/CD227+)
130,0,Proximal tubules (CD183++/CD227-)
131,2,Immune cells (CD45+)
132,5,Low expressing cells
133,1,VSMCs (aSMA+)
134,6,Basement membrane (collagenIV+/Perlecan+)
135,5,Low expressing cells
136,4,Distal tubules (CD183+/CD227+)
137,4,Distal tubules (CD183+/CD227+)
138,2,Immune cells (CD45+)
139,1,VSMCs (aSMA+)
140,6,Basement membrane (collagenIV+/Perlecan+)
141,4,Distal tubules (CD183+/CD227+)
142,1,VSMCs (aSMA+)
143,1,VSMCs (aSMA+)
144,1,VSMCs (aSMA+)
145,0,Proximal tubules (CD183++/CD227-)
146,0,Proximal tubules (CD183++/CD227-)
147,2,Immune cells (CD45+)
148,2,Immune cells (CD45+)
149,5,Low expressing cells
150,3,Endothelial cells (CD31+)
151,8,Macrophages (CD45+/CD68+)
152,2,Immune cells (CD45+)
153,3,Endothelial cells (CD31+)
154,5,Low expressing cells
155,5,Low expressing cells
156,5,Low expressing cells
157,3,Endothelial cells (CD31+)
158,4,Distal tubules (CD183+/CD227+)
159,1,VSMCs (aSMA+)
160,6,Basement membrane (collagenIV+/Perlecan+)
161,6,Basement membrane (collagenIV+/Perlecan+)
162,3,Endothelial cells (CD31+)
163,1,VSMCs (aSMA+)
164,0,Proximal tubules (CD183++/CD227-)
165,4,Distal tubules (CD183+/CD227+)
166,1,VSMCs (aSMA+)
167,0,Proximal tubules (CD183++/CD227-)
168,3,Endothelial cells (CD31+)
169,3,Endothelial cells (CD31+)
170,4,Distal tubules (CD183+/CD227+)
171,1,VSMCs (aSMA+)
172,0,Proximal tubules (CD183++/CD227-)
173,4,Distal tubules (CD183+/CD227+)
174,5,Low expressing cells
175,3,Endothelial cells (CD31+)
176,3,Endothelial cells (CD31+)
177,4,Distal tubules (CD183+/CD227+)
178,6,Basement membrane (collagenIV+/Perlecan+)
179,0,Proximal tubules (CD183++/CD227-)
180,2,Immune cells (CD45+)
181,1,VSMCs (aSMA+)
182,2,Immune cells (CD45+)
183,1,VSMCs (aSMA+)
184,2,Immune cells (CD45+)
185,5,Low expressing cells
186,2,Immune cells (CD45+)
187,4,Distal tubules (CD183+/CD227+)
188,5,Low expressing cells
189,4,Distal tubules (CD183+/CD227+)
190,1,VSMCs (aSMA+)
191,5,Low expressing cells
192,2,Immune cells (CD45+)
193,5,Low expressing cells
194,4,Distal tubules (CD183+/CD227+)
195,0,Proximal tubules (CD183++/CD227-)
196,0,Proximal tubules (CD183++/CD227-)
197,3,Endothelial cells (CD31+)
198,3,Endothelial cells (CD31+)
199,9,Myeloid cells (CD45+/CD11b+)
200,4,Distal tubules (CD183+/CD227+)
201,6,Basement membrane (collagenIV+/Perlecan+)
202,3,Endothelial cells (CD31+)
203,3,Endothelial cells (CD31+)
204,2,Immune cells (CD45+)
205,1,VSMCs (aSMA+)
206,4,Distal tubules (CD183+/CD227+)
207,2,Immune cells (CD45+)
208,3,Endothelial cells (CD31+)
209,1,VSMCs (aSMA+)
210,1,VSMCs (aSMA+)
211,4,Distal tubules (CD183+/CD227+)
212,2,Immune cells (CD45+)
213,4,Distal tubules (CD183+/CD227+)
214,1,VSMCs (aSMA+)
215,3,Endothelial cells (CD31+)
216,6,Basement membrane (collagenIV+/Perlecan+)
217,1,VSMCs (aSMA+)
218,0,Proximal tubules (CD183++/CD227-)
219,4,Distal tubules (CD183+/CD227+)
220,2,Immune cells (CD45+)
221,2,Immune cells (CD45+)
222,4,Distal tubules (CD183+/CD227+)
223,2,Immune cells (CD45+)
224,2,Immune cells (CD45+)
225,1,VSMCs (aSMA+)
226,5,Low expressing cells
227,6,Basement membrane (collagenIV+/Perlecan+)
228,2,Immune cells (CD45+)
229,6,Basement membrane (collagenIV+/Perlecan+)
230,4,Distal tubules (CD183+/CD227+)
231,0,Proximal tubules (CD183++/CD227-)
232,2,Immune cells (CD45+)
233,5,Low expressing cells
234,4,Distal tubules (CD183+/CD227+)
235,4,Distal tubules (CD183+/CD227+)
236,3,Endothelial cells (CD31+)
237,5,Low expressing cells
238,3,Endothelial cells (CD31+)
239,2,Immune cells (CD45+)
240,1,VSMCs (aSMA+)
241,0,Proximal tubules (CD183++/CD227-)
242,8,Macrophages (CD45+/CD68+)
243,2,Immune cells (CD45+)
244,3,Endothelial cells (CD31+)
245,4,Distal tubules (CD183+/CD227+)
246,6,Basement membrane (collagenIV+/Perlecan+)
247,4,Distal tubules (CD183+/CD227+)
248,4,Distal tubules (CD183+/CD227+)
249,6,Basement membrane (collagenIV+/Perlecan+)
250,3,Endothelial cells (CD31+)
251,1,VSMCs (aSMA+)
252,2,Immune cells (CD45+)
253,2,Immune cells (CD45+)
254,4,Distal tubules (CD183+/CD227+)
255,4,Distal tubules (CD183+/CD227+)
256,5,Low expressing cells
257,0,Proximal tubules (CD183++/CD227-)
258,2,Immune cells (CD45+)
259,2,Immune cells (CD45+)
260,6,Basement membrane (collagenIV+/Perlecan+)
261,4,Distal tubules (CD183+/CD227+)
262,5,Low expressing cells
263,4,Distal tubules (CD183+/CD227+)
264,4,Distal tubules (CD183+/CD227+)
265,2,Immune cells (CD45+)
266,6,Basement membrane (collagenIV+/Perlecan+)
267,0,Proximal tubules (CD183++/CD227-)
268,2,Immune cells (CD45+)
269,2,Immune cells (CD45+)
270,1,VSMCs (aSMA+)
271,3,Endothelial cells (CD31+)
272,4,Distal tubules (CD183+/CD227+)
273,0,Proximal tubules (CD183++/CD227-)
274,2,Immune cells (CD45+)
275,2,Immune cells (CD45+)
276,8,Macrophages (CD45+/CD68+)
277,5,Low expressing cells
278,0,Proximal tubules (CD183++/CD227-)
279,8,Macrophages (CD45+/CD68+)
280,4,Distal tubules (CD183+/CD227+)
281,4,Distal tubules (CD183+/CD227+)
282,1,VSMCs (aSMA+)
283,8,Macrophages (CD45+/CD68+)
284,8,Macrophages (CD45+/CD68+)
285,1,VSMCs (aSMA+)
286,0,Proximal tubules (CD183++/CD227-)
287,3,Endothelial cells (CD31+)
288,1,VSMCs (aSMA+)
289,0,Proximal tubules (CD183++/CD227-)
290,0,Proximal tubules (CD183++/CD227-)
291,2,Immune cells (CD45+)
292,1,VSMCs (aSMA+)
293,2,Immune cells (CD45+)
294,2,Immune cells (CD45+)
295,2,Immune cells (CD45+)
296,8,Macrophages (CD45+/CD68+)
297,4,Distal tubules (CD183+/CD227+)
298,4,Distal tubules (CD183+/CD227+)
299,2,Immune cells (CD45+)
300,4,Distal tubules (CD183+/CD227+)
301,2,Immune cells (CD45+)
302,1,VSMCs (aSMA+)
303,0,Proximal tubules (CD183++/CD227-)
304,0,Proximal tubules (CD183++/CD227-)
305,0,Proximal tubules (CD183++/CD227-)
306,1,VSMCs (aSMA+)
307,3,Endothelial cells (CD31+)
308,2,Immune cells (CD45+)
309,0,Proximal tubules (CD183++/CD227-)
310,2,Immune cells (CD45+)
311,6,Basement membrane (collagenIV+/Perlecan+)
312,1,VSMCs (aSMA+)
313,3,Endothelial cells (CD31+)
314,0,Proximal tubules (CD183++/CD227-)
315,3,Endothelial cells (CD31+)
316,1,VSMCs (aSMA+)
317,3,Endothelial cells (CD31+)
318,8,Macrophages (CD45+/CD68+)
319,4,Distal tubules (CD183+/CD227+)
320,4,Distal tubules (CD183+/CD227+)
321,1,VSMCs (aSMA+)
322,6,Basement membrane (collagenIV+/Perlecan+)
323,0,Proximal tubules (CD183++/CD227-)
324,4,Distal tubules (CD183+/CD227+)
325,2,Immune cells (CD45+)
326,4,Distal tubules (CD183+/CD227+)
327,8,Macrophages (CD45+/CD68+)
328,0,Proximal tubules (CD183++/CD227-)
329,8,Macrophages (CD45+/CD68+)
330,0,Proximal tubules (CD183++/CD227-)
331,6,Basement membrane (collagenIV+/Perlecan+)
332,2,Immune cells (CD45+)
333,2,Immune cells (CD45+)
334,2,Immune cells (CD45+)
335,3,Endothelial cells (CD31+)
336,4,Distal tubules (CD183+/CD227+)
337,0,Proximal tubules (CD183++/CD227-)
338,2,Immune cells (CD45+)
339,6,Basement membrane (collagenIV+/Perlecan+)
340,0,Proximal tubules (CD183++/CD227-)
341,3,Endothelial cells (CD31+)
342,0,Proximal tubules (CD183++/CD227-)
343,2,Immune cells (CD45+)
344,6,Basement membrane (collagenIV+/Perlecan+)
345,2,Immune cells (CD45+)
346,6,Basement membrane (collagenIV+/Perlecan+)
347,1,VSMCs (aSMA+)
348,5,Low expressing cells
349,3,Endothelial cells (CD31+)
350,1,VSMCs (aSMA+)
351,6,Basement membrane (collagenIV+/Perlecan+)
352,6,Basement membrane (collagenIV+/Perlecan+)
353,2,Immune cells (CD45+)
354,4,Distal tubules (CD183+/CD227+)
355,2,Immune cells (CD45+)
356,0,Proximal tubules (CD183++/CD227-)
357,6,Basement membrane (collagenIV+/Perlecan+)
358,2,Immune cells (CD45+)
359,8,Macrophages (CD45+/CD68+)
360,0,Proximal tubules (CD183++/CD227-)
361,4,Distal tubules (CD183+/CD227+)
362,0,Proximal tubules (CD183++/CD227-)
363,3,Endothelial cells (CD31+)
364,6,Basement membrane (collagenIV+/Perlecan+)
365,8,Macrophages (CD45+/CD68+)
366,0,Proximal tubules (CD183++/CD227-)
367,0,Proximal tubules (CD183++/CD227-)
368,2,Immune cells (CD45+)
369,8,Macrophages (CD45+/CD68+)
370,2,Immune cells (CD45+)
371,3,Endothelial cells (CD31+)
372,4,Distal tubules (CD183+/CD227+)
373,0,Proximal tubules (CD183++/CD227-)
374,8,Macrophages (CD45+/CD68+)
375,1,VSMCs (aSMA+)
376,5,Low expressing cells
377,0,Proximal tubules (CD183++/CD227-)
378,2,Immune cells (CD45+)
379,0,Proximal tubules (CD183++/CD227-)
380,2,Immune cells (CD45+)
381,6,Basement membrane (collagenIV+/Perlecan+)
382,8,Macrophages (CD45+/CD68+)
383,0,Proximal tubules (CD183++/CD227-)
384,1,VSMCs (aSMA+)
385,1,VSMCs (aSMA+)
386,5,Low expressing cells
387,4,Distal tubules (CD183+/CD227+)
388,3,Endothelial cells (CD31+)
389,0,Proximal tubules (CD183++/CD227-)
390,8,Macrophages (CD45+/CD68+)
391,8,Macrophages (CD45+/CD68+)
392,2,Immune cells (CD45+)
393,0,Proximal tubules (CD183++/CD227-)
394,6,Basement membrane (collagenIV+/Perlecan+)
395,0,Proximal tubules (CD183++/CD227-)
396,5,Low expressing cells
397,0,Proximal tubules (CD183++/CD227-)
398,8,Macrophages (CD45+/CD68+)
399,0,Proximal tubules (CD183++/CD227-)
400,1,VSMCs (aSMA+)
401,4,Distal tubules (CD183+/CD227+)
402,2,Immune cells (CD45+)
403,0,Proximal tubules (CD183++/CD227-)
404,2,Immune cells (CD45+)
405,6,Basement membrane (collagenIV+/Perlecan+)
406,8,Macrophages (CD45+/CD68+)
407,3,Endothelial cells (CD31+)
408,5,Low expressing cells
409,3,Endothelial cells (CD31+)
410,3,Endothelial cells (CD31+)
411,3,Endothelial cells (CD31+)
412,2,Immune cells (CD45+)
413,5,Low expressing cells
414,3,Endothelial cells (CD31+)
415,4,Distal tubules (CD183+/CD227+)
416,1,VSMCs (aSMA+)
417,8,Macrophages (CD45+/CD68+)
418,2,Immune cells (CD45+)
419,4,Distal tubules (CD183+/CD227+)
420,2,Immune cells (CD45+)
421,6,Basement membrane (collagenIV+/Perlecan+)
422,6,Basement membrane (collagenIV+/Perlecan+)
423,1,VSMCs (aSMA+)
424,1,VSMCs (aSMA+)
425,6,Basement membrane (collagenIV+/Perlecan+)
426,3,Endothelial cells (CD31+)
427,4,Distal tubules (CD183+/CD227+)
428,4,Distal tubules (CD183+/CD227+)
429,2,Immune cells (CD45+)
430,6,Basement membrane (collagenIV+/Perlecan+)
431,3,Endothelial cells (CD31+)
432,0,Proximal tubules (CD183++/CD227-)
433,0,Proximal tubules (CD183++/CD227-)
434,1,VSMCs (aSMA+)
435,8,Macrophages (CD45+/CD68+)
436,8,Macrophages (CD45+/CD68+)
437,3,Endothelial cells (CD31+)
438,8,Macrophages (CD45+/CD68+)
439,0,Proximal tubules (CD183++/CD227-)
440,0,Proximal tubules (CD183++/CD227-)
441,3,Endothelial cells (CD31+)
442,2,Immune cells (CD45+)
443,2,Immune cells (CD45+)
444,0,Proximal tubules (CD183++/CD227-)
445,6,Basement membrane (collagenIV+/Perlecan+)
446,0,Proximal tubules (CD183++/CD227-)
447,3,Endothelial cells (CD31+)
448,0,Proximal tubules (CD183++/CD227-)
449,1,VSMCs (aSMA+)
450,4,Distal tubules (CD183+/CD227+)
451,2,Immune cells (CD45+)
452,1,VSMCs (aSMA+)
453,6,Basement membrane (collagenIV+/Perlecan+)
454,3,Endothelial cells (CD31+)
455,5,Low expressing cells
456,1,VSMCs (aSMA+)
457,9,Myeloid cells (CD45+/CD11b+)
458,4,Distal tubules (CD183+/CD227+)
459,2,Immune cells (CD45+)
460,1,VSMCs (aSMA+)
461,1,VSMCs (aSMA+)
462,6,Basement membrane (collagenIV+/Perlecan+)
463,2,Immune cells (CD45+)
464,2,Immune cells (CD45+)
465,1,VSMCs (aSMA+)
466,2,Immune cells (CD45+)
467,0,Proximal tubules (CD183++/CD227-)
468,3,Endothelial cells (CD31+)
469,8,Macrophages (CD45+/CD68+)
470,2,Immune cells (CD45+)
471,3,Endothelial cells (CD31+)
472,0,Proximal tubules (CD183++/CD227-)
473,4,Distal tubules (CD183+/CD227+)
474,6,Basement membrane (collagenIV+/Perlecan+)
475,3,Endothelial cells (CD31+)
476,8,Macrophages (CD45+/CD68+)
477,3,Endothelial cells (CD31+)
478,1,VSMCs (aSMA+)
479,0,Proximal tubules (CD183++/CD227-)
480,2,Immune cells (CD45+)
481,0,Proximal tubules (CD183++/CD227-)
482,0,Proximal tubules (CD183++/CD227-)
483,2,Immune cells (CD45+)
484,2,Immune cells (CD45+)
485,1,VSMCs (aSMA+)
486,3,Endothelial cells (CD31+)
487,2,Immune cells (CD45+)
488,0,Proximal tubules (CD183++/CD227-)
489,4,Distal tubules (CD183+/CD227+)
490,2,Immune cells (CD45+)
491,2,Immune cells (CD45+)
492,2,Immune cells (CD45+)
493,0,Proximal tubules (CD183++/CD227-)
494,2,Immune cells (CD45+)
495,2,Immune cells (CD45+)
496,6,Basement membrane (collagenIV+/Perlecan+)
497,8,Macrophages (CD45+/CD68+)
498,0,Proximal tubules (CD183++/CD227-)
499,2,Immune cells (CD45+)
500,1,VSMCs (aSMA+)
501,2,Immune cells (CD45+)
502,2,Immune cells (CD45+)
503,1,VSMCs (aSMA+)
504,5,Low expressing cells
505,6,Basement membrane (collagenIV+/Perlecan+)
506,3,Endothelial cells (CD31+)
507,0,Proximal tubules (CD183++/CD227-)
508,1,VSMCs (aSMA+)
509,0,Proximal tubules (CD183++/CD227-)
510,6,Basement membrane (collagenIV+/Perlecan+)
511,8,Macrophages (CD45+/CD68+)
512,3,Endothelial cells (CD31+)
513,0,Proximal tubules (CD183++/CD227-)
514,8,Macrophages (CD45+/CD68+)
515,0,Proximal tubules (CD183++/CD227-)
516,0,Proximal tubules (CD183++/CD227-)
517,1,VSMCs (aSMA+)
518,2,Immune cells (CD45+)
519,3,Endothelial cells (CD31+)
520,5,Low expressing cells
521,3,Endothelial cells (CD31+)
522,0,Proximal tubules (CD183++/CD227-)
523,0,Proximal tubules (CD183++/CD227-)
524,8,Macrophages (CD45+/CD68+)
525,2,Immune cells (CD45+)
526,0,Proximal tubules (CD183++/CD227-)
527,2,Immune cells (CD45+)
528,6,Basement membrane (collagenIV+/Perlecan+)
529,4,Distal tubules (CD183+/CD227+)
530,0,Proximal tubules (CD183++/CD227-)
531,1,VSMCs (aSMA+)
532,2,Immune cells (CD45+)
533,2,Immune cells (CD45+)
534,2,Immune cells (CD45+)
535,2,Immune cells (CD45+)
536,3,Endothelial cells (CD31+)
537,1,VSMCs (aSMA+)
538,4,Distal tubules (CD183+/CD227+)
539,0,Proximal tubules (CD183++/CD227-)
540,0,Proximal tubules (CD183++/CD227-)
541,8,Macrophages (CD45+/CD68+)
542,8,Macrophages (CD45+/CD68+)
543,5,Low expressing cells
544,3,Endothelial cells (CD31+)
545,3,Endothelial cells (CD31+)
546,2,Immune cells (CD45+)
547,3,Endothelial cells (CD31+)
548,5,Low expressing cells
549,2,Immune cells (CD45+)
550,1,VSMCs (aSMA+)
551,8,Macrophages (CD45+/CD68+)
552,8,Macrophages (CD45+/CD68+)
553,8,Macrophages (CD45+/CD68+)
554,4,Distal tubules (CD183+/CD227+)
555,4,Distal tubules (CD183+/CD227+)
556,1,VSMCs (aSMA+)
557,8,Macrophages (CD45+/CD68+)
558,2,Immune cells (CD45+)
559,8,Macrophages (CD45+/CD68+)
560,0,Proximal tubules (CD183++/CD227-)
561,4,Distal tubules (CD183+/CD227+)
562,2,Immune cells (CD45+)
563,4,Distal tubules (CD183+/CD227+)
564,4,Distal tubules (CD183+/CD227+)
565,3,Endothelial cells (CD31+)
566,8,Macrophages (CD45+/CD68+)
567,8,Macrophages (CD45+/CD68+)
568,4,Distal tubules (CD183+/CD227+)
569,0,Proximal tubules (CD183++/CD227-)
570,2,Immune cells (CD45+)
571,8,Macrophages (CD45+/CD68+)
572,0,Proximal tubules (CD183++/CD227-)
573,0,Proximal tubules (CD183++/CD227-)
574,2,Immune cells (CD45+)
575,3,Endothelial cells (CD31+)
576,8,Macrophages (CD45+/CD68+)
577,2,Immune cells (CD45+)
578,3,Endothelial cells (CD31+)
579,2,Immune cells (CD45+)
580,8,Macrophages (CD45+/CD68+)
581,0,Proximal tubules (CD183++/CD227-)
582,2,Immune cells (CD45+)
583,3,Endothelial cells (CD31+)
584,9,Myeloid cells (CD45+/CD11b+)
585,0,Proximal tubules (CD183++/CD227-)
586,3,Endothelial cells (CD31+)
587,2,Immune cells (CD45+)
588,3,Endothelial cells (CD31+)
589,4,Distal tubules (CD183+/CD227+)
590,2,Immune cells (CD45+)
591,3,Endothelial cells (CD31+)
592,1,VSMCs (aSMA+)
593,4,Distal tubules (CD183+/CD227+)
594,4,Distal tubules (CD183+/CD227+)
595,2,Immune cells (CD45+)
596,6,Basement membrane (collagenIV+/Perlecan+)
597,6,Basement membrane (collagenIV+/Perlecan+)
598,2,Immune cells (CD45+)
599,8,Macrophages (CD45+/CD68+)
600,9,Myeloid cells (CD45+/CD11b+)
601,0,Proximal tubules (CD183++/CD227-)
602,3,Endothelial cells (CD31+)
603,8,Macrophages (CD45+/CD68+)
604,5,Low expressing cells
605,4,Distal tubules (CD183+/CD227+)
606,6,Basement membrane (collagenIV+/Perlecan+)
607,0,Proximal tubules (CD183++/CD227-)
608,0,Proximal tubules (CD183++/CD227-)
609,2,Immune cells (CD45+)
610,6,Basement membrane (collagenIV+/Perlecan+)
611,2,Immune cells (CD45+)
612,9,Myeloid cells (CD45+/CD11b+)
613,3,Endothelial cells (CD31+)
614,4,Distal tubules (CD183+/CD227+)
615,4,Distal tubules (CD183+/CD227+)
616,8,Macrophages (CD45+/CD68+)
617,4,Distal tubules (CD183+/CD227+)
618,4,Distal tubules (CD183+/CD227+)
619,8,Macrophages (CD45+/CD68+)
620,8,Macrophages (CD45+/CD68+)
621,8,Macrophages (CD45+/CD68+)
622,8,Macrophages (CD45+/CD68+)
623,2,Immune cells (CD45+)
624,8,Macrophages (CD45+/CD68+)
625,3,Endothelial cells (CD31+)
626,2,Immune cells (CD45+)
627,0,Proximal tubules (CD183++/CD227-)
628,2,Immune cells (CD45+)
629,8,Macrophages (CD45+/CD68+)
630,6,Basement membrane (collagenIV+/Perlecan+)
631,2,Immune cells (CD45+)
632,3,Endothelial cells (CD31+)
633,6,Basement membrane (collagenIV+/Perlecan+)
634,3,Endothelial cells (CD31+)
635,9,Myeloid cells (CD45+/CD11b+)
636,2,Immune cells (CD45+)
637,2,Immune cells (CD45+)
638,4,Distal tubules (CD183+/CD227+)
639,4,Distal tubules (CD183+/CD227+)
640,8,Macrophages (CD45+/CD68+)
641,4,Distal tubules (CD183+/CD227+)
642,0,Proximal tubules (CD183++/CD227-)
643,3,Endothelial cells (CD31+)
644,5,Low expressing cells
645,2,Immune cells (CD45+)
646,4,Distal tubules (CD183+/CD227+)
647,8,Macrophages (CD45+/CD68+)
648,0,Proximal tubules (CD183++/CD227-)
649,0,Proximal tubules (CD183++/CD227-)
650,4,Distal tubules (CD183+/CD227+)
651,0,Proximal tubules (CD183++/CD227-)
652,5,Low expressing cells
653,4,Distal tubules (CD183+/CD227+)
654,4,Distal tubules (CD183+/CD227+)
655,1,VSMCs (aSMA+)
656,8,Macrophages (CD45+/CD68+)
657,2,Immune cells (CD45+)
658,4,Distal tubules (CD183+/CD227+)
659,6,Basement membrane (collagenIV+/Perlecan+)
660,0,Proximal tubules (CD183++/CD227-)
661,1,VSMCs (aSMA+)
662,8,Macrophages (CD45+/CD68+)
663,0,Proximal tubules (CD183++/CD227-)
664,4,Distal tubules (CD183+/CD227+)
665,2,Immune cells (CD45+)
666,2,Immune cells (CD45+)
667,3,Endothelial cells (CD31+)
668,4,Distal tubules (CD183+/CD227+)
669,2,Immune cells (CD45+)
670,4,Distal tubules (CD183+/CD227+)
671,8,Macrophages (CD45+/CD68+)
672,8,Macrophages (CD45+/CD68+)
673,2,Immune cells (CD45+)
674,8,Macrophages (CD45+/CD68+)
675,3,Endothelial cells (CD31+)
676,3,Endothelial cells (CD31+)
677,3,Endothelial cells (CD31+)
678,2,Immune cells (CD45+)
679,4,Distal tubules (CD183+/CD227+)
680,2,Immune cells (CD45+)
681,4,Distal tubules (CD183+/CD227+)
682,4,Distal tubules (CD183+/CD227+)
683,3,Endothelial cells (CD31+)
684,2,Immune cells (CD45+)
685,0,Proximal tubules (CD183++/CD227-)
686,8,Macrophages (CD45+/CD68+)
687,4,Distal tubules (CD183+/CD227+)
688,0,Proximal tubules (CD183++/CD227-)
689,4,Distal tubules (CD183+/CD227+)
690,1,VSMCs (aSMA+)
691,5,Low expressing cells
692,4,Distal tubules (CD183+/CD227+)
693,4,Distal tubules (CD183+/CD227+)
694,8,Macrophages (CD45+/CD68+)
695,9,Myeloid cells (CD45+/CD11b+)
696,9,Myeloid cells (CD45+/CD11b+)
697,8,Macrophages (CD45+/CD68+)
698,4,Distal tubules (CD183+/CD227+)
699,6,Basement membrane (collagenIV+/Perlecan+)
700,3,Endothelial cells (CD31+)
701,2,Immune cells (CD45+)
702,8,Macrophages (CD45+/CD68+)
703,0,Proximal tubules (CD183++/CD227-)
704,1,VSMCs (aSMA+)
705,2,Immune cells (CD45+)
706,2,Immune cells (CD45+)
707,3,Endothelial cells (CD31+)
708,4,Distal tubules (CD183+/CD227+)
709,3,Endothelial cells (CD31+)
710,3,Endothelial cells (CD31+)
711,3,Endothelial cells (CD31+)
712,8,Macrophages (CD45+/CD68+)
713,8,Macrophages (CD45+/CD68+)
714,2,Immune cells (CD45+)
715,0,Proximal tubules (CD183++/CD227-)
716,1,VSMCs (aSMA+)
717,4,Distal tubules (CD183+/CD227+)
718,4,Distal tubules (CD183+/CD227+)
719,2,Immune cells (CD45+)
720,4,Distal tubules (CD183+/CD227+)
721,4,Distal tubules (CD183+/CD227+)
722,6,Basement membrane (collagenIV+/Perlecan+)
723,5,Low expressing cells
724,0,Proximal tubules (CD183++/CD227-)
725,10,Nestin+ cells (nestin+)
726,4,Distal tubules (CD183+/CD227+)
727,2,Immune cells (CD45+)
728,4,Distal tubules (CD183+/CD227+)
729,4,Distal tubules (CD183+/CD227+)
730,4,Distal tubules (CD183+/CD227+)
731,6,Basement membrane (collagenIV+/Perlecan+)
732,1,VSMCs (aSMA+)
733,4,Distal tubules (CD183+/CD227+)
734,3,Endothelial cells (CD31+)
735,0,Proximal tubules (CD183++/CD227-)
736,5,Low expressing cells
737,2,Immune cells (CD45+)
738,4,Distal tubules (CD183+/CD227+)
739,8,Macrophages (CD45+/CD68+)
740,5,Low expressing cells
741,5,Low expressing cells
742,1,VSMCs (aSMA+)
743,3,Endothelial cells (CD31+)
744,0,Proximal tubules (CD183++/CD227-)
745,5,Low expressing cells
746,4,Distal tubules (CD183+/CD227+)
747,6,Basement membrane (collagenIV+/Perlecan+)
748,8,Macrophages (CD45+/CD68+)
749,2,Immune cells (CD45+)
750,4,Distal tubules (CD183+/CD227+)
751,0,Proximal tubules (CD183++/CD227-)
752,6,Basement membrane (collagenIV+/Perlecan+)
753,8,Macrophages (CD45+/CD68+)
754,1,VSMCs (aSMA+)
755,0,Proximal tubules (CD183++/CD227-)
756,8,Macrophages (CD45+/CD68+)
757,4,Distal tubules (CD183+/CD227+)
758,4,Distal tubules (CD183+/CD227+)
759,4,Distal tubules (CD183+/CD227+)
760,4,Distal tubules (CD183+/CD227+)
761,8,Macrophages (CD45+/CD68+)
762,4,Distal tubules (CD183+/CD227+)
763,4,Distal tubules (CD183+/CD227+)
764,5,Low expressing cells
765,0,Proximal tubules (CD183++/CD227-)
766,2,Immune cells (CD45+)
767,4,Distal tubules (CD183+/CD227+)
768,8,Macrophages (CD45+/CD68+)
769,4,Distal tubules (CD183+/CD227+)
770,4,Distal tubules (CD183+/CD227+)
771,4,Distal tubules (CD183+/CD227+)
772,4,Distal tubules (CD183+/CD227+)
773,4,Distal tubules (CD183+/CD227+)
774,10,Nestin+ cells (nestin+)
775,0,Proximal tubules (CD183++/CD227-)
776,8,Macrophages (CD45+/CD68+)
777,5,Low expressing cells
778,6,Basement membrane (collagenIV+/Perlecan+)
779,1,VSMCs (aSMA+)
780,2,Immune cells (CD45+)
781,5,Low expressing cells
782,1,VSMCs (aSMA+)
783,1,VSMCs (aSMA+)
784,8,Macrophages (CD45+/CD68+)
785,3,Endothelial cells (CD31+)
786,1,VSMCs (aSMA+)
787,2,Immune cells (CD45+)
788,5,Low expressing cells
789,10,Nestin+ cells (nestin+)
790,5,Low expressing cells
791,2,Immune cells (CD45+)
792,3,Endothelial cells (CD31+)
793,6,Basement membrane (collagenIV+/Perlecan+)
794,4,Distal tubules (CD183+/CD227+)
795,8,Macrophages (CD45+/CD68+)
796,4,Distal tubules (CD183+/CD227+)
797,1,VSMCs (aSMA+)
798,8,Macrophages (CD45+/CD68+)
799,3,Endothelial cells (CD31+)
800,9,Myeloid cells (CD45+/CD11b+)
801,6,Basement membrane (collagenIV+/Perlecan+)
802,1,VSMCs (aSMA+)
803,8,Macrophages (CD45+/CD68+)
804,1,VSMCs (aSMA+)
805,2,Immune cells (CD45+)
806,3,Endothelial cells (CD31+)
807,4,Distal tubules (CD183+/CD227+)
808,2,Immune cells (CD45+)
809,8,Macrophages (CD45+/CD68+)
810,4,Distal tubules (CD183+/CD227+)
811,10,Nestin+ cells (nestin+)
812,4,Distal tubules (CD183+/CD227+)
813,2,Immune cells (CD45+)
814,2,Immune cells (CD45+)
815,0,Proximal tubules (CD183++/CD227-)
816,5,Low expressing cells
817,0,Proximal tubules (CD183++/CD227-)
818,8,Macrophages (CD45+/CD68+)
819,0,Proximal tubules (CD183++/CD227-)
820,4,Distal tubules (CD183+/CD227+)
821,2,Immune cells (CD45+)
822,3,Endothelial cells (CD31+)
823,1,VSMCs (aSMA+)
824,1,VSMCs (aSMA+)
825,3,Endothelial cells (CD31+)
826,2,Immune cells (CD45+)
827,4,Distal tubules (CD183+/CD227+)
828,4,Distal tubules (CD183+/CD227+)
829,4,Distal tubules (CD183+/CD227+)
830,1,VSMCs (aSMA+)
831,8,Macrophages (CD45+/CD68+)
832,2,Immune cells (CD45+)
833,1,VSMCs (aSMA+)
834,1,VSMCs (aSMA+)
835,1,VSMCs (aSMA+)
836,0,Proximal tubules (CD183++/CD227-)
837,0,Proximal tubules (CD183++/CD227-)
838,0,Proximal tubules (CD183++/CD227-)
839,4,Distal tubules (CD183+/CD227+)
840,8,Macrophages (CD45+/CD68+)
841,0,Proximal tubules (CD183++/CD227-)
842,4,Distal tubules (CD183+/CD227+)
843,1,VSMCs (aSMA+)
844,5,Low expressing cells
845,0,Proximal tubules (CD183++/CD227-)
846,5,Low expressing cells
847,3,Endothelial cells (CD31+)
848,3,Endothelial cells (CD31+)
849,4,Distal tubules (CD183+/CD227+)
850,7,Endothelial cells (CD31+/CD196+)
851,2,Immune cells (CD45+)
852,2,Immune cells (CD45+)
853,4,Distal tubules (CD183+/CD227+)
854,3,Endothelial cells (CD31+)
855,5,Low expressing cells
856,3,Endothelial cells (CD31+)
857,8,Macrophages (CD45+/CD68+)
858,3,Endothelial cells (CD31+)
859,0,Proximal tubules (CD183++/CD227-)
860,1,VSMCs (aSMA+)
861,1,VSMCs (aSMA+)
862,1,VSMCs (aSMA+)
863,8,Macrophages (CD45+/CD68+)
864,2,Immune cells (CD45+)
865,4,Distal tubules (CD183+/CD227+)
866,4,Distal tubules (CD183+/CD227+)
867,2,Immune cells (CD45+)
868,0,Proximal tubules (CD183++/CD227-)
869,0,Proximal tubules (CD183++/CD227-)
870,0,Proximal tubules (CD183++/CD227-)
871,9,Myeloid cells (CD45+/CD11b+)
872,8,Macrophages (CD45+/CD68+)
873,4,Distal tubules (CD183+/CD227+)
874,1,VSMCs (aSMA+)
875,4,Distal tubules (CD183+/CD227+)
876,0,Proximal tubules (CD183++/CD227-)
877,0,Proximal tubules (CD183++/CD227-)
878,5,Low expressing cells
879,0,Proximal tubules (CD183++/CD227-)
880,4,Distal tubules (CD183+/CD227+)
881,4,Distal tubules (CD183+/CD227+)
882,5,Low expressing cells
883,5,Low expressing cells
884,2,Immune cells (CD45+)
885,1,VSMCs (aSMA+)
886,4,Distal tubules (CD183+/CD227+)
887,0,Proximal tubules (CD183++/CD227-)
888,8,Macrophages (CD45+/CD68+)
889,1,VSMCs (aSMA+)
890,4,Distal tubules (CD183+/CD227+)
891,4,Distal tubules (CD183+/CD227+)
892,0,Proximal tubules (CD183++/CD227-)
893,0,Proximal tubules (CD183++/CD227-)
894,0,Proximal tubules (CD183++/CD227-)
895,0,Proximal tubules (CD183++/CD227-)
896,1,VSMCs (aSMA+)
897,0,Proximal tubules (CD183++/CD227-)
898,4,Distal tubules (CD183+/CD227+)
899,1,VSMCs (aSMA+)
900,1,VSMCs (aSMA+)
901,0,Proximal tubules (CD183++/CD227-)
902,4,Distal tubules (CD183+/CD227+)
903,8,Macrophages (CD45+/CD68+)
904,1,VSMCs (aSMA+)
905,4,Distal tubules (CD183+/CD227+)
906,4,Distal tubules (CD183+/CD227+)
907,6,Basement membrane (collagenIV+/Perlecan+)
908,5,Low expressing cells
909,0,Proximal tubules (CD183++/CD227-)
910,8,Macrophages (CD45+/CD68+)
911,4,Distal tubules (CD183+/CD227+)
912,3,Endothelial cells (CD31+)
913,0,Proximal tubules (CD183++/CD227-)
914,0,Proximal tubules (CD183++/CD227-)
915,0,Proximal tubules (CD183++/CD227-)
916,3,Endothelial cells (CD31+)
917,2,Immune cells (CD45+)
918,8,Macrophages (CD45+/CD68+)
919,4,Distal tubules (CD183+/CD227+)
920,1,VSMCs (aSMA+)
921,4,Distal tubules (CD183+/CD227+)
922,0,Proximal tubules (CD183++/CD227-)
923,7,Endothelial cells (CD31+/CD196+)
924,5,Low expressing cells
925,8,Macrophages (CD45+/CD68+)
926,6,Basement membrane (collagenIV+/Perlecan+)
927,3,Endothelial cells (CD31+)
928,0,Proximal tubules (CD183++/CD227-)
929,0,Proximal tubules (CD183++/CD227-)
930,1,VSMCs (aSMA+)
931,4,Distal tubules (CD183+/CD227+)
932,0,Proximal tubules (CD183++/CD227-)
933,1,VSMCs (aSMA+)
934,4,Distal tubules (CD183+/CD227+)
935,1,VSMCs (aSMA+)
936,0,Proximal tubules (CD183++/CD227-)
937,3,Endothelial cells (CD31+)
938,6,Basement membrane (collagenIV+/Perlecan+)
939,1,VSMCs (aSMA+)
940,0,Proximal tubules (CD183++/CD227-)
941,1,VSMCs (aSMA+)
942,4,Distal tubules (CD183+/CD227+)
943,8,Macrophages (CD45+/CD68+)
944,3,Endothelial cells (CD31+)
945,5,Low expressing cells
946,8,Macrophages (CD45+/CD68+)
947,4,Distal tubules (CD183+/CD227+)
948,1,VSMCs (aSMA+)
949,5,Low expressing cells
950,5,Low expressing cells
951,1,VSMCs (aSMA+)
952,10,Nestin+ cells (nestin+)
953,3,Endothelial cells (CD31+)
954,6,Basement membrane (collagenIV+/Perlecan+)
955,4,Distal tubules (CD183+/CD227+)
956,1,VSMCs (aSMA+)
957,1,VSMCs (aSMA+)
958,0,Proximal tubules (CD183++/CD227-)
959,5,Low expressing cells
960,2,Immune cells (CD45+)
961,0,Proximal tubules (CD183++/CD227-)
962,1,VSMCs (aSMA+)
963,1,VSMCs (aSMA+)
964,6,Basement membrane (collagenIV+/Perlecan+)
965,5,Low expressing cells
966,8,Macrophages (CD45+/CD68+)
967,0,Proximal tubules (CD183++/CD227-)
968,0,Proximal tubules (CD183++/CD227-)
969,1,VSMCs (aSMA+)
970,8,Macrophages (CD45+/CD68+)
971,4,Distal tubules (CD183+/CD227+)
972,3,Endothelial cells (CD31+)
973,5,Low expressing cells
974,4,Distal tubules (CD183+/CD227+)
975,3,Endothelial cells (CD31+)
976,1,VSMCs (aSMA+)
977,2,Immune cells (CD45+)
978,4,Distal tubules (CD183+/CD227+)
979,3,Endothelial cells (CD31+)
980,5,Low expressing cells
981,4,Distal tubules (CD183+/CD227+)
982,1,VSMCs (aSMA+)
983,4,Distal tubules (CD183+/CD227+)
984,1,VSMCs (aSMA+)
985,4,Distal tubules (CD183+/CD227+)
986,2,Immune cells (CD45+)
987,2,Immune cells (CD45+)
988,2,Immune cells (CD45+)
989,8,Macrophages (CD45+/CD68+)
990,0,Proximal tubules (CD183++/CD227-)
991,5,Low expressing cells
992,2,Immune cells (CD45+)
993,1,VSMCs (aSMA+)
994,6,Basement membrane (collagenIV+/Perlecan+)
995,2,Immune cells (CD45+)
996,4,Distal tubules (CD183+/CD227+)
997,1,VSMCs (aSMA+)
998,4,Distal tubules (CD183+/CD227+)
999,0,Proximal tubules (CD183++/CD227-)
1000,2,Immune cells (CD45+)
1001,4,Distal tubules (CD183+/CD227+)
1002,6,Basement membrane (collagenIV+/Perlecan+)
1003,4,Distal tubules (CD183+/CD227+)
1004,4,Distal tubules (CD183+/CD227+)
1005,10,Nestin+ cells (nestin+)
1006,4,Distal tubules (CD183+/CD227+)
1007,6,Basement membrane (collagenIV+/Perlecan+)
1008,1,VSMCs (aSMA+)
1009,8,Macrophages (CD45+/CD68+)
1010,2,Immune cells (CD45+)
1011,4,Distal tubules (CD183+/CD227+)
1012,8,Macrophages (CD45+/CD68+)
1013,4,Distal tubules (CD183+/CD227+)
1014,2,Immune cells (CD45+)
1015,0,Proximal tubules (CD183++/CD227-)
1016,0,Proximal tubules (CD183++/CD227-)
1017,2,Immune cells (CD45+)
1018,1,VSMCs (aSMA+)
1019,0,Proximal tubules (CD183++/CD227-)
1020,5,Low expressing cells
1021,4,Distal tubules (CD183+/CD227+)
1022,1,VSMCs (aSMA+)
1023,4,Distal tubules (CD183+/CD227+)
1024,0,Proximal tubules (CD183++/CD227-)
1025,1,VSMCs (aSMA+)
1026,1,VSMCs (aSMA+)
1027,1,VSMCs (aSMA+)
1028,8,Macrophages (CD45+/CD68+)
1029,1,VSMCs (aSMA+)
1030,1,VSMCs (aSMA+)
1031,8,Macrophages (CD45+/CD68+)
1032,8,Macrophages (CD45+/CD68+)
1033,6,Basement membrane (collagenIV+/Perlecan+)
1034,4,Distal tubules (CD183+/CD227+)
1035,3,Endothelial cells (CD31+)
1036,2,Immune cells (CD45+)
1037,0,Proximal tubules (CD183++/CD227-)
1038,2,Immune cells (CD45+)
1039,1,VSMCs (aSMA+)
1040,4,Distal tubules (CD183+/CD227+)
1041,2,Immune cells (CD45+)
1042,0,Proximal tubules (CD183++/CD227-)
1043,4,Distal tubules (CD183+/CD227+)
1044,2,Immune cells (CD45+)
1045,10,Nestin+ cells (nestin+)
1046,4,Distal tubules (CD183+/CD227+)
1047,2,Immune cells (CD45+)
1048,0,Proximal tubules (CD183++/CD227-)
1049,3,Endothelial cells (CD31+)
1050,2,Immune cells (CD45+)
1051,0,Proximal tubules (CD183++/CD227-)
1052,2,Immune cells (CD45+)
1053,1,VSMCs (aSMA+)
1054,1,VSMCs (aSMA+)
1055,2,Immune cells (CD45+)
1056,1,VSMCs (aSMA+)
1057,1,VSMCs (aSMA+)
1058,0,Proximal tubules (CD183++/CD227-)
1059,2,Immune cells (CD45+)
1060,2,Immune cells (CD45+)
1061,1,VSMCs (aSMA+)
1062,3,Endothelial cells (CD31+)
1063,4,Distal tubules (CD183+/CD227+)
1064,9,Myeloid cells (CD45+/CD11b+)
1065,8,Macrophages (CD45+/CD68+)
1066,10,Nestin+ cells (nestin+)
1067,3,Endothelial cells (CD31+)
1068,0,Proximal tubules (CD183++/CD227-)
1069,5,Low expressing cells
1070,5,Low expressing cells
1071,1,VSMCs (aSMA+)
1072,8,Macrophages (CD45+/CD68+)
1073,8,Macrophages (CD45+/CD68+)
1074,4,Distal tubules (CD183+/CD227+)
1075,2,Immune cells (CD45+)
1076,4,Distal tubules (CD183+/CD227+)
1077,2,Immune cells (CD45+)
1078,4,Distal tubules (CD183+/CD227+)
1079,0,Proximal tubules (CD183++/CD227-)
1080,1,VSMCs (aSMA+)
1081,8,Macrophages (CD45+/CD68+)
1082,8,Macrophages (CD45+/CD68+)
1083,1,VSMCs (aSMA+)
1084,2,Immune cells (CD45+)
1085,1,VSMCs (aSMA+)
1086,4,Distal tubules (CD183+/CD227+)
1087,8,Macrophages (CD45+/CD68+)
1088,3,Endothelial cells (CD31+)
1089,2,Immune cells (CD45+)
1090,2,Immune cells (CD45+)
1091,4,Distal tubules (CD183+/CD227+)
1092,9,Myeloid cells (CD45+/CD11b+)
1093,1,VSMCs (aSMA+)
1094,0,Proximal tubules (CD183++/CD227-)
1095,2,Immune cells (CD45+)
1096,2,Immune cells (CD45+)
1097,0,Proximal tubules (CD183++/CD227-)
1098,2,Immune cells (CD45+)
1099,0,Proximal tubules (CD183++/CD227-)
1100,1,VSMCs (aSMA+)
1101,0,Proximal tubules (CD183++/CD227-)
1102,2,Immune cells (CD45+)
1103,5,Low expressing cells
1104,4,Distal tubules (CD183+/CD227+)
1105,6,Basement membrane (collagenIV+/Perlecan+)
1106,1,VSMCs (aSMA+)
1107,2,Immune cells (CD45+)
1108,4,Distal tubules (CD183+/CD227+)
1109,2,Immune cells (CD45+)
1110,8,Macrophages (CD45+/CD68+)
1111,9,Myeloid cells (CD45+/CD11b+)
1112,1,VSMCs (aSMA+)
1113,4,Distal tubules (CD183+/CD227+)
1114,2,Immune cells (CD45+)
1115,8,Macrophages (CD45+/CD68+)
1116,1,VSMCs (aSMA+)
1117,2,Immune cells (CD45+)
1118,2,Immune cells (CD45+)
1119,2,Immune cells (CD45+)
1120,1,VSMCs (aSMA+)
1121,10,Nestin+ cells (nestin+)
1122,1,VSMCs (aSMA+)
1123,1,VSMCs (aSMA+)
1124,1,VSMCs (aSMA+)
1125,4,Distal tubules (CD183+/CD227+)
1126,5,Low expressing cells
1127,4,Distal tubules (CD183+/CD227+)
1128,0,Proximal tubules (CD183++/CD227-)
1129,2,Immune cells (CD45+)
1130,0,Proximal tubules (CD183++/CD227-)
1131,6,Basement membrane (collagenIV+/Perlecan+)
1132,2,Immune cells (CD45+)
1133,4,Distal tubules (CD183+/CD227+)
1134,0,Proximal tubules (CD183++/CD227-)
1135,5,Low expressing cells
1136,3,Endothelial cells (CD31+)
1137,8,Macrophages (CD45+/CD68+)
1138,8,Macrophages (CD45+/CD68+)
1139,8,Macrophages (CD45+/CD68+)
1140,8,Macrophages (CD45+/CD68+)
1141,9,Myeloid cells (CD45+/CD11b+)
1142,1,VSMCs (aSMA+)
1143,0,Proximal tubules (CD183++/CD227-)
1144,6,Basement membrane (collagenIV+/Perlecan+)
1145,2,Immune cells (CD45+)
1146,2,Immune cells (CD45+)
1147,5,Low expressing cells
1148,4,Distal tubules (CD183+/CD227+)
1149,5,Low expressing cells
1150,2,Immune cells (CD45+)
1151,6,Basement membrane (collagenIV+/Perlecan+)
1152,2,Immune cells (CD45+)
1153,0,Proximal tubules (CD183++/CD227-)
1154,1,VSMCs (aSMA+)
1155,8,Macrophages (CD45+/CD68+)
1156,8,Macrophages (CD45+/CD68+)
1157,1,VSMCs (aSMA+)
1158,1,VSMCs (aSMA+)
1159,1,VSMCs (aSMA+)
1160,0,Proximal tubules (CD183++/CD227-)
1161,2,Immune cells (CD45+)
1162,1,VSMCs (aSMA+)
1163,2,Immune cells (CD45+)
1164,0,Proximal tubules (CD183++/CD227-)
1165,0,Proximal tubules (CD183++/CD227-)
1166,2,Immune cells (CD45+)
1167,5,Low expressing cells
1168,6,Basement membrane (collagenIV+/Perlecan+)
1169,0,Proximal tubules (CD183++/CD227-)
1170,1,VSMCs (aSMA+)
1171,2,Immune cells (CD45+)
1172,10,Nestin+ cells (nestin+)
1173,2,Immune cells (CD45+)
1174,8,Macrophages (CD45+/CD68+)
1175,2,Immune cells (CD45+)
1176,4,Distal tubules (CD183+/CD227+)
1177,4,Distal tubules (CD183+/CD227+)
1178,2,Immune cells (CD45+)
1179,1,VSMCs (aSMA+)
1180,4,Distal tubules (CD183+/CD227+)
1181,2,Immune cells (CD45+)
1182,8,Macrophages (CD45+/CD68+)
1183,8,Macrophages (CD45+/CD68+)
1184,8,Macrophages (CD45+/CD68+)
1185,2,Immune cells (CD45+)
1186,1,VSMCs (aSMA+)
1187,2,Immune cells (CD45+)
1188,5,Low expressing cells
1189,1,VSMCs (aSMA+)
1190,4,Distal tubules (CD183+/CD227+)
1191,0,Proximal tubules (CD183++/CD227-)
1192,3,Endothelial cells (CD31+)
1193,8,Macrophages (CD45+/CD68+)
1194,0,Proximal tubules (CD183++/CD227-)
1195,8,Macrophages (CD45+/CD68+)
1196,2,Immune cells (CD45+)
1197,2,Immune cells (CD45+)
1198,3,Endothelial cells (CD31+)
1199,10,Nestin+ cells (nestin+)
1200,8,Macrophages (CD45+/CD68+)
1201,5,Low expressing cells
1202,5,Low expressing cells
1203,8,Macrophages (CD45+/CD68+)
1204,3,Endothelial cells (CD31+)
1205,1,VSMCs (aSMA+)
1206,4,Distal tubules (CD183+/CD227+)
1207,3,Endothelial cells (CD31+)
1208,2,Immune cells (CD45+)
1209,3,Endothelial cells (CD31+)
1210,8,Macrophages (CD45+/CD68+)
1211,3,Endothelial cells (CD31+)
1212,8,Macrophages (CD45+/CD68+)
1213,1,VSMCs (aSMA+)
1214,8,Macrophages (CD45+/CD68+)
1215,8,Macrophages (CD45+/CD68+)
1216,5,Low expressing cells
1217,2,Immune cells (CD45+)
1218,1,VSMCs (aSMA+)
1219,9,Myeloid cells (CD45+/CD11b+)
1220,1,VSMCs (aSMA+)
1221,10,Nestin+ cells (nestin+)
1222,5,Low expressing cells
1223,2,Immune cells (CD45+)
1224,5,Low expressing cells
1225,3,Endothelial cells (CD31+)
1226,2,Immune cells (CD45+)
1227,9,Myeloid cells (CD45+/CD11b+)
1228,1,VSMCs (aSMA+)
1229,2,Immune cells (CD45+)
1230,3,Endothelial cells (CD31+)
1231,1,VSMCs (aSMA+)
1232,3,Endothelial cells (CD31+)
1233,2,Immune cells (CD45+)
1234,2,Immune cells (CD45+)
1235,2,Immune cells (CD45+)
1236,10,Nestin+ cells (nestin+)
1237,10,Nestin+ cells (nestin+)
1238,6,Basement membrane (collagenIV+/Perlecan+)
1239,0,Proximal tubules (CD183++/CD227-)
1240,1,VSMCs (aSMA+)
1241,0,Proximal tubules (CD183++/CD227-)
1242,3,Endothelial cells (CD31+)
1243,2,Immune cells (CD45+)
1244,8,Macrophages (CD45+/CD68+)
1245,0,Proximal tubules (CD183++/CD227-)
1246,1,VSMCs (aSMA+)
1247,8,Macrophages (CD45+/CD68+)
1248,6,Basement membrane (collagenIV+/Perlecan+)
1249,5,Low expressing cells
1250,2,Immune cells (CD45+)
1251,8,Macrophages (CD45+/CD68+)
1252,0,Proximal tubules (CD183++/CD227-)
1253,10,Nestin+ cells (nestin+)
1254,4,Distal tubules (CD183+/CD227+)
1255,0,Proximal tubules (CD183++/CD227-)
1256,3,Endothelial cells (CD31+)
1257,0,Proximal tubules (CD183++/CD227-)
1258,4,Distal tubules (CD183+/CD227+)
1259,6,Basement membrane (collagenIV+/Perlecan+)
1260,8,Macrophages (CD45+/CD68+)
1261,8,Macrophages (CD45+/CD68+)
1262,3,Endothelial cells (CD31+)
1263,1,VSMCs (aSMA+)
1264,4,Distal tubules (CD183+/CD227+)
1265,8,Macrophages (CD45+/CD68+)
1266,2,Immune cells (CD45+)
1267,5,Low expressing cells
1268,1,VSMCs (aSMA+)
1269,2,Immune cells (CD45+)
1270,4,Distal tubules (CD183+/CD227+)
1271,10,Nestin+ cells (nestin+)
1272,1,VSMCs (aSMA+)
1273,2,Immune cells (CD45+)
1274,0,Proximal tubules (CD183++/CD227-)
1275,2,Immune cells (CD45+)
1276,2,Immune cells (CD45+)
1277,3,Endothelial cells (CD31+)
1278,1,VSMCs (aSMA+)
1279,1,VSMCs (aSMA+)
1280,2,Immune cells (CD45+)
1281,3,Endothelial cells (CD31+)
1282,1,VSMCs (aSMA+)
1283,2,Immune cells (CD45+)
1284,2,Immune cells (CD45+)
1285,4,Distal tubules (CD183+/CD227+)
1286,2,Immune cells (CD45+)
1287,2,Immune cells (CD45+)
1288,2,Immune cells (CD45+)
1289,1,VSMCs (aSMA+)
1290,8,Macrophages (CD45+/CD68+)
1291,4,Distal tubules (CD183+/CD227+)
1292,5,Low expressing cells
1293,5,Low expressing cells
1294,1,VSMCs (aSMA+)
1295,1,VSMCs (aSMA+)
1296,0,Proximal tubules (CD183++/CD227-)
1297,4,Distal tubules (CD183+/CD227+)
1298,2,Immune cells (CD45+)
1299,8,Macrophages (CD45+/CD68+)
1300,6,Basement membrane (collagenIV+/Perlecan+)
1301,6,Basement membrane (collagenIV+/Perlecan+)
1302,1,VSMCs (aSMA+)
1303,2,Immune cells (CD45+)
1304,2,Immune cells (CD45+)
1305,2,Immune cells (CD45+)
1306,3,Endothelial cells (CD31+)
1307,8,Macrophages (CD45+/CD68+)
1308,3,Endothelial cells (CD31+)
1309,8,Macrophages (CD45+/CD68+)
1310,6,Basement membrane (collagenIV+/Perlecan+)
1311,0,Proximal tubules (CD183++/CD227-)
1312,8,Macrophages (CD45+/CD68+)
1313,4,Distal tubules (CD183+/CD227+)
1314,4,Distal tubules (CD183+/CD227+)
1315,10,Nestin+ cells (nestin+)
1316,3,Endothelial cells (CD31+)
1317,2,Immune cells (CD45+)
1318,2,Immune cells (CD45+)
1319,2,Immune cells (CD45+)
1320,1,VSMCs (aSMA+)
1321,0,Proximal tubules (CD183++/CD227-)
1322,2,Immune cells (CD45+)
1323,4,Distal tubules (CD183+/CD227+)
1324,2,Immune cells (CD45+)
1325,2,Immune cells (CD45+)
1326,0,Proximal tubules (CD183++/CD227-)
1327,0,Proximal tubules (CD183++/CD227-)
1328,0,Proximal tubules (CD183++/CD227-)
1329,2,Immune cells (CD45+)
1330,5,Low expressing cells
1331,1,VSMCs (aSMA+)
1332,6,Basement membrane (collagenIV+/Perlecan+)
1333,6,Basement membrane (collagenIV+/Perlecan+)
1334,6,Basement membrane (collagenIV+/Perlecan+)
1335,0,Proximal tubules (CD183++/CD227-)
1336,4,Distal tubules (CD183+/CD227+)
1337,1,VSMCs (aSMA+)
1338,2,Immune cells (CD45+)
1339,3,Endothelial cells (CD31+)
1340,0,Proximal tubules (CD183++/CD227-)
1341,1,VSMCs (aSMA+)
1342,10,Nestin+ cells (nestin+)
1343,1,VSMCs (aSMA+)
1344,4,Distal tubules (CD183+/CD227+)
1345,4,Distal tubules (CD183+/CD227+)
1346,9,Myeloid cells (CD45+/CD11b+)
1347,6,Basement membrane (collagenIV+/Perlecan+)
1348,8,Macrophages (CD45+/CD68+)
1349,8,Macrophages (CD45+/CD68+)
1350,1,VSMCs (aSMA+)
1351,6,Basement membrane (collagenIV+/Perlecan+)
1352,3,Endothelial cells (CD31+)
1353,8,Macrophages (CD45+/CD68+)
1354,7,Endothelial cells (CD31+/CD196+)
1355,3,Endothelial cells (CD31+)
1356,2,Immune cells (CD45+)
1357,4,Distal tubules (CD183+/CD227+)
1358,0,Proximal tubules (CD183++/CD227-)
1359,6,Basement membrane (collagenIV+/Perlecan+)
1360,8,Macrophages (CD45+/CD68+)
1361,2,Immune cells (CD45+)
1362,8,Macrophages (CD45+/CD68+)
1363,0,Proximal tubules (CD183++/CD227-)
1364,1,VSMCs (aSMA+)
1365,0,Proximal tubules (CD183++/CD227-)
1366,8,Macrophages (CD45+/CD68+)
1367,1,VSMCs (aSMA+)
1368,9,Myeloid cells (CD45+/CD11b+)
1369,1,VSMCs (aSMA+)
1370,1,VSMCs (aSMA+)
1371,2,Immune cells (CD45+)
1372,9,Myeloid cells (CD45+/CD11b+)
1373,0,Proximal tubules (CD183++/CD227-)
1374,2,Immune cells (CD45+)
1375,0,Proximal tubules (CD183++/CD227-)
1376,3,Endothelial cells (CD31+)
1377,6,Basement membrane (collagenIV+/Perlecan+)
1378,8,Macrophages (CD45+/CD68+)
1379,2,Immune cells (CD45+)
1380,0,Proximal tubules (CD183++/CD227-)
1381,8,Macrophages (CD45+/CD68+)
1382,1,VSMCs (aSMA+)
1383,1,VSMCs (aSMA+)
1384,0,Proximal tubules (CD183++/CD227-)
1385,4,Distal tubules (CD183+/CD227+)
1386,6,Basement membrane (collagenIV+/Perlecan+)
1387,8,Macrophages (CD45+/CD68+)
1388,8,Macrophages (CD45+/CD68+)
1389,2,Immune cells (CD45+)
1390,3,Endothelial cells (CD31+)
1391,10,Nestin+ cells (nestin+)
1392,1,VSMCs (aSMA+)
1393,4,Distal tubules (CD183+/CD227+)
1394,3,Endothelial cells (CD31+)
1395,2,Immune cells (CD45+)
1396,3,Endothelial cells (CD31+)
1397,1,VSMCs (aSMA+)
1398,2,Immune cells (CD45+)
1399,0,Proximal tubules (CD183++/CD227-)
1400,8,Macrophages (CD45+/CD68+)
1401,1,VSMCs (aSMA+)
1402,4,Distal tubules (CD183+/CD227+)
1403,1,VSMCs (aSMA+)
1404,6,Basement membrane (collagenIV+/Perlecan+)
1405,5,Low expressing cells
1406,8,Macrophages (CD45+/CD68+)
1407,8,Macrophages (CD45+/CD68+)
1408,5,Low expressing cells
1409,0,Proximal tubules (CD183++/CD227-)
1410,0,Proximal tubules (CD183++/CD227-)
1411,4,Distal tubules (CD183+/CD227+)
1412,0,Proximal tubules (CD183++/CD227-)
1413,3,Endothelial cells (CD31+)
1414,0,Proximal tubules (CD183++/CD227-)
1415,2,Immune cells (CD45+)
1416,2,Immune cells (CD45+)
1417,8,Macrophages (CD45+/CD68+)
1418,0,Proximal tubules (CD183++/CD227-)
1419,3,Endothelial cells (CD31+)
1420,0,Proximal tubules (CD183++/CD227-)
1421,1,VSMCs (aSMA+)
1422,0,Proximal tubules (CD183++/CD227-)
1423,3,Endothelial cells (CD31+)
1424,3,Endothelial cells (CD31+)
1425,10,Nestin+ cells (nestin+)
1426,3,Endothelial cells (CD31+)
1427,2,Immune cells (CD45+)
1428,5,Low expressing cells
1429,5,Low expressing cells
1430,2,Immune cells (CD45+)
1431,6,Basement membrane (collagenIV+/Perlecan+)
1432,0,Proximal tubules (CD183++/CD227-)
1433,6,Basement membrane (collagenIV+/Perlecan+)
1434,8,Macrophages (CD45+/CD68+)
1435,9,Myeloid cells (CD45+/CD11b+)
1436,3,Endothelial cells (CD31+)
1437,4,Distal tubules (CD183+/CD227+)
1438,6,Basement membrane (collagenIV+/Perlecan+)
1439,3,Endothelial cells (CD31+)
1440,2,Immune cells (CD45+)
1441,3,Endothelial cells (CD31+)
1442,3,Endothelial cells (CD31+)
1443,3,Endothelial cells (CD31+)
1444,2,Immune cells (CD45+)
1445,6,Basement membrane (collagenIV+/Perlecan+)
1446,6,Basement membrane (collagenIV+/Perlecan+)
1447,4,Distal tubules (CD183+/CD227+)
1448,2,Immune cells (CD45+)
1449,2,Immune cells (CD45+)
1450,2,Immune cells (CD45+)
1451,0,Proximal tubules (CD183++/CD227-)
1452,10,Nestin+ cells (nestin+)
1453,8,Macrophages (CD45+/CD68+)
1454,2,Immune cells (CD45+)
1455,0,Proximal tubules (CD183++/CD227-)
1456,1,VSMCs (aSMA+)
1457,8,Macrophages (CD45+/CD68+)
1458,1,VSMCs (aSMA+)
1459,3,Endothelial cells (CD31+)
1460,1,VSMCs (aSMA+)
1461,6,Basement membrane (collagenIV+/Perlecan+)
1462,3,Endothelial cells (CD31+)
1463,4,Distal tubules (CD183+/CD227+)
1464,9,Myeloid cells (CD45+/CD11b+)
1465,6,Basement membrane (collagenIV+/Perlecan+)
1466,6,Basement membrane (collagenIV+/Perlecan+)
1467,1,VSMCs (aSMA+)
1468,8,Macrophages (CD45+/CD68+)
1469,4,Distal tubules (CD183+/CD227+)
1470,0,Proximal tubules (CD183++/CD227-)
1471,6,Basement membrane (collagenIV+/Perlecan+)
1472,8,Macrophages (CD45+/CD68+)
1473,8,Macrophages (CD45+/CD68+)
1474,8,Macrophages (CD45+/CD68+)
1475,6,Basement membrane (collagenIV+/Perlecan+)
1476,6,Basement membrane (collagenIV+/Perlecan+)
1477,5,Low expressing cells
1478,2,Immune cells (CD45+)
1479,2,Immune cells (CD45+)
1480,1,VSMCs (aSMA+)
1481,6,Basement membrane (collagenIV+/Perlecan+)
1482,8,Macrophages (CD45+/CD68+)
1483,1,VSMCs (aSMA+)
1484,3,Endothelial cells (CD31+)
1485,8,Macrophages (CD45+/CD68+)
1486,0,Proximal tubules (CD183++/CD227-)
1487,2,Immune cells (CD45+)
1488,8,Macrophages (CD45+/CD68+)
1489,6,Basement membrane (collagenIV+/Perlecan+)
1490,1,VSMCs (aSMA+)
1491,2,Immune cells (CD45+)
1492,0,Proximal tubules (CD183++/CD227-)
1493,4,Distal tubules (CD183+/CD227+)
1494,2,Immune cells (CD45+)
1495,2,Immune cells (CD45+)
1496,5,Low expressing cells
1497,1,VSMCs (aSMA+)
1498,3,Endothelial cells (CD31+)
1499,2,Immune cells (CD45+)
1500,4,Distal tubules (CD183+/CD227+)
1501,8,Macrophages (CD45+/CD68+)
1502,8,Macrophages (CD45+/CD68+)
1503,8,Macrophages (CD45+/CD68+)
1504,8,Macrophages (CD45+/CD68+)
1505,6,Basement membrane (collagenIV+/Perlecan+)
1506,6,Basement membrane (collagenIV+/Perlecan+)
1507,8,Macrophages (CD45+/CD68+)
1508,8,Macrophages (CD45+/CD68+)
1509,8,Macrophages (CD45+/CD68+)
1510,4,Distal tubules (CD183+/CD227+)
1511,2,Immune cells (CD45+)
1512,4,Distal tubules (CD183+/CD227+)
1513,8,Macrophages (CD45+/CD68+)
1514,2,Immune cells (CD45+)
1515,8,Macrophages (CD45+/CD68+)
1516,7,Endothelial cells (CD31+/CD196+)
1517,2,Immune cells (CD45+)
1518,5,Low expressing cells
1519,1,VSMCs (aSMA+)
1520,8,Macrophages (CD45+/CD68+)
1521,1,VSMCs (aSMA+)
1522,4,Distal tubules (CD183+/CD227+)
1523,6,Basement membrane (collagenIV+/Perlecan+)
1524,6,Basement membrane (collagenIV+/Perlecan+)
1525,8,Macrophages (CD45+/CD68+)
1526,6,Basement membrane (collagenIV+/Perlecan+)
1527,0,Proximal tubules (CD183++/CD227-)
1528,0,Proximal tubules (CD183++/CD227-)
1529,3,Endothelial cells (CD31+)
1530,2,Immune cells (CD45+)
1531,8,Macrophages (CD45+/CD68+)
1532,6,Basement membrane (collagenIV+/Perlecan+)
1533,3,Endothelial cells (CD31+)
1534,2,Immune cells (CD45+)
1535,8,Macrophages (CD45+/CD68+)
1536,5,Low expressing cells
1537,4,Distal tubules (CD183+/CD227+)
1538,2,Immune cells (CD45+)
1539,4,Distal tubules (CD183+/CD227+)
1540,2,Immune cells (CD45+)
1541,2,Immune cells (CD45+)
1542,1,VSMCs (aSMA+)
1543,4,Distal tubules (CD183+/CD227+)
1544,6,Basement membrane (collagenIV+/Perlecan+)
1545,3,Endothelial cells (CD31+)
1546,6,Basement membrane (collagenIV+/Perlecan+)
1547,3,Endothelial cells (CD31+)
1548,0,Proximal tubules (CD183++/CD227-)
1549,4,Distal tubules (CD183+/CD227+)
1550,2,Immune cells (CD45+)
1551,0,Proximal tubules (CD183++/CD227-)
1552,2,Immune cells (CD45+)
1553,5,Low expressing cells
1554,6,Basement membrane (collagenIV+/Perlecan+)
1555,1,VSMCs (aSMA+)
1556,5,Low expressing cells
1557,8,Macrophages (CD45+/CD68+)
1558,2,Immune cells (CD45+)
1559,4,Distal tubules (CD183+/CD227+)
1560,1,VSMCs (aSMA+)
1561,3,Endothelial cells (CD31+)
1562,4,Distal tubules (CD183+/CD227+)
1563,8,Macrophages (CD45+/CD68+)
1564,3,Endothelial cells (CD31+)
1565,0,Proximal tubules (CD183++/CD227-)
1566,1,VSMCs (aSMA+)
1567,1,VSMCs (aSMA+)
1568,4,Distal tubules (CD183+/CD227+)
1569,8,Macrophages (CD45+/CD68+)
1570,3,Endothelial cells (CD31+)
1571,2,Immune cells (CD45+)
1572,6,Basement membrane (collagenIV+/Perlecan+)
1573,4,Distal tubules (CD183+/CD227+)
1574,6,Basement membrane (collagenIV+/Perlecan+)
1575,2,Immune cells (CD45+)
1576,6,Basement membrane (collagenIV+/Perlecan+)
1577,1,VSMCs (aSMA+)
1578,10,Nestin+ cells (nestin+)
1579,8,Macrophages (CD45+/CD68+)
1580,3,Endothelial cells (CD31+)
1581,4,Distal tubules (CD183+/CD227+)
1582,2,Immune cells (CD45+)
1583,0,Proximal tubules (CD183++/CD227-)
1584,8,Macrophages (CD45+/CD68+)
1585,4,Distal tubules (CD183+/CD227+)
1586,4,Distal tubules (CD183+/CD227+)
1587,2,Immune cells (CD45+)
1588,1,VSMCs (aSMA+)
1589,6,Basement membrane (collagenIV+/Perlecan+)
1590,3,Endothelial cells (CD31+)
1591,8,Macrophages (CD45+/CD68+)
1592,2,Immune cells (CD45+)
1593,1,VSMCs (aSMA+)
1594,4,Distal tubules (CD183+/CD227+)
1595,4,Distal tubules (CD183+/CD227+)
1596,4,Distal tubules (CD183+/CD227+)
1597,10,Nestin+ cells (nestin+)
1598,6,Basement membrane (collagenIV+/Perlecan+)
1599,0,Proximal tubules (CD183++/CD227-)
1600,0,Proximal tubules (CD183++/CD227-)
1601,3,Endothelial cells (CD31+)
1602,2,Immune cells (CD45+)
1603,2,Immune cells (CD45+)
1604,4,Distal tubules (CD183+/CD227+)
1605,6,Basement membrane (collagenIV+/Perlecan+)
1606,2,Immune cells (CD45+)
1607,2,Immune cells (CD45+)
1608,8,Macrophages (CD45+/CD68+)
1609,3,Endothelial cells (CD31+)
1610,3,Endothelial cells (CD31+)
1611,8,Macrophages (CD45+/CD68+)
1612,8,Macrophages (CD45+/CD68+)
1613,2,Immune cells (CD45+)
1614,8,Macrophages (CD45+/CD68+)
1615,9,Myeloid cells (CD45+/CD11b+)
1616,10,Nestin+ cells (nestin+)
1617,2,Immune cells (CD45+)
1618,6,Basement membrane (collagenIV+/Perlecan+)
1619,6,Basement membrane (collagenIV+/Perlecan+)
1620,1,VSMCs (aSMA+)
1621,3,Endothelial cells (CD31+)
1622,5,Low expressing cells
1623,2,Immune cells (CD45+)
1624,8,Macrophages (CD45+/CD68+)
1625,3,Endothelial cells (CD31+)
1626,4,Distal tubules (CD183+/CD227+)
1627,2,Immune cells (CD45+)
1628,1,VSMCs (aSMA+)
1629,6,Basement membrane (collagenIV+/Perlecan+)
1630,3,Endothelial cells (CD31+)
1631,4,Distal tubules (CD183+/CD227+)
1632,1,VSMCs (aSMA+)
1633,1,VSMCs (aSMA+)
1634,2,Immune cells (CD45+)
1635,6,Basement membrane (collagenIV+/Perlecan+)
1636,5,Low expressing cells
1637,4,Distal tubules (CD183+/CD227+)
1638,6,Basement membrane (collagenIV+/Perlecan+)
1639,6,Basement membrane (collagenIV+/Perlecan+)
1640,5,Low expressing cells
1641,6,Basement membrane (collagenIV+/Perlecan+)
1642,3,Endothelial cells (CD31+)
1643,2,Immune cells (CD45+)
1644,8,Macrophages (CD45+/CD68+)
1645,4,Distal tubules (CD183+/CD227+)
1646,5,Low expressing cells
1647,1,VSMCs (aSMA+)
1648,6,Basement membrane (collagenIV+/Perlecan+)
1649,2,Immune cells (CD45+)
1650,2,Immune cells (CD45+)
1651,2,Immune cells (CD45+)
1652,4,Distal tubules (CD183+/CD227+)
1653,3,Endothelial cells (CD31+)
1654,1,VSMCs (aSMA+)
1655,3,Endothelial cells (CD31+)
1656,6,Basement membrane (collagenIV+/Perlecan+)
1657,4,Distal tubules (CD183+/CD227+)
1658,8,Macrophages (CD45+/CD68+)
1659,2,Immune cells (CD45+)
1660,0,Proximal tubules (CD183++/CD227-)
1661,0,Proximal tubules (CD183++/CD227-)
1662,4,Distal tubules (CD183+/CD227+)
1663,3,Endothelial cells (CD31+)
1664,2,Immune cells (CD45+)
1665,9,Myeloid cells (CD45+/CD11b+)
1666,1,VSMCs (aSMA+)
1667,6,Basement membrane (collagenIV+/Perlecan+)
1668,8,Macrophages (CD45+/CD68+)
1669,8,Macrophages (CD45+/CD68+)
1670,5,Low expressing cells
1671,2,Immune cells (CD45+)
1672,4,Distal tubules (CD183+/CD227+)
1673,5,Low expressing cells
1674,6,Basement membrane (collagenIV+/Perlecan+)
1675,6,Basement membrane (collagenIV+/Perlecan+)
1676,2,Immune cells (CD45+)
1677,3,Endothelial cells (CD31+)
1678,8,Macrophages (CD45+/CD68+)
1679,4,Distal tubules (CD183+/CD227+)
1680,1,VSMCs (aSMA+)
1681,5,Low expressing cells
1682,8,Macrophages (CD45+/CD68+)
1683,6,Basement membrane (collagenIV+/Perlecan+)
1684,1,VSMCs (aSMA+)
1685,4,Distal tubules (CD183+/CD227+)
1686,0,Proximal tubules (CD183++/CD227-)
1687,10,Nestin+ cells (nestin+)
1688,6,Basement membrane (collagenIV+/Perlecan+)
1689,4,Distal tubules (CD183+/CD227+)
1690,2,Immune cells (CD45+)
1691,5,Low expressing cells
1692,0,Proximal tubules (CD183++/CD227-)
1693,2,Immune cells (CD45+)
1694,8,Macrophages (CD45+/CD68+)
1695,4,Distal tubules (CD183+/CD227+)
1696,8,Macrophages (CD45+/CD68+)
1697,0,Proximal tubules (CD183++/CD227-)
1698,8,Macrophages (CD45+/CD68+)
1699,2,Immune cells (CD45+)
1700,2,Immune cells (CD45+)
1701,2,Immune cells (CD45+)
1702,10,Nestin+ cells (nestin+)
1703,5,Low expressing cells
1704,4,Distal tubules (CD183+/CD227+)
1705,0,Proximal tubules (CD183++/CD227-)
1706,2,Immune cells (CD45+)
1707,3,Endothelial cells (CD31+)
1708,1,VSMCs (aSMA+)
1709,1,VSMCs (aSMA+)
1710,2,Immune cells (CD45+)
1711,4,Distal tubules (CD183+/CD227+)
1712,8,Macrophages (CD45+/CD68+)
1713,5,Low expressing cells
1714,3,Endothelial cells (CD31+)
1715,4,Distal tubules (CD183+/CD227+)
1716,3,Endothelial cells (CD31+)
1717,1,VSMCs (aSMA+)
1718,2,Immune cells (CD45+)
1719,6,Basement membrane (collagenIV+/Perlecan+)
1720,8,Macrophages (CD45+/CD68+)
1721,4,Distal tubules (CD183+/CD227+)
1722,6,Basement membrane (collagenIV+/Perlecan+)
1723,3,Endothelial cells (CD31+)
1724,2,Immune cells (CD45+)
1725,6,Basement membrane (collagenIV+/Perlecan+)
1726,0,Proximal tubules (CD183++/CD227-)
1727,2,Immune cells (CD45+)
1728,2,Immune cells (CD45+)
1729,4,Distal tubules (CD183+/CD227+)
1730,1,VSMCs (aSMA+)
1731,4,Distal tubules (CD183+/CD227+)
1732,8,Macrophages (CD45+/CD68+)
1733,2,Immune cells (CD45+)
1734,6,Basement membrane (collagenIV+/Perlecan+)
1735,6,Basement membrane (collagenIV+/Perlecan+)
1736,6,Basement membrane (collagenIV+/Perlecan+)
1737,7,Endothelial cells (CD31+/CD196+)
1738,2,Immune cells (CD45+)
1739,2,Immune cells (CD45+)
1740,4,Distal tubules (CD183+/CD227+)
1741,5,Low expressing cells
1742,2,Immune cells (CD45+)
1743,1,VSMCs (aSMA+)
1744,0,Proximal tubules (CD183++/CD227-)
1745,4,Distal tubules (CD183+/CD227+)
1746,8,Macrophages (CD45+/CD68+)
1747,8,Macrophages (CD45+/CD68+)
1748,8,Macrophages (CD45+/CD68+)
1749,1,VSMCs (aSMA+)
1750,2,Immune cells (CD45+)
1751,4,Distal tubules (CD183+/CD227+)
1752,8,Macrophages (CD45+/CD68+)
1753,6,Basement membrane (collagenIV+/Perlecan+)
1754,3,Endothelial cells (CD31+)
1755,4,Distal tubules (CD183+/CD227+)
1756,8,Macrophages (CD45+/CD68+)
1757,0,Proximal tubules (CD183++/CD227-)
1758,2,Immune cells (CD45+)
1759,2,Immune cells (CD45+)
1760,2,Immune cells (CD45+)
1761,5,Low expressing cells
1762,2,Immune cells (CD45+)
1763,6,Basement membrane (collagenIV+/Perlecan+)
1764,6,Basement membrane (collagenIV+/Perlecan+)
1765,6,Basement membrane (collagenIV+/Perlecan+)
1766,6,Basement membrane (collagenIV+/Perlecan+)
1767,8,Macrophages (CD45+/CD68+)
1768,3,Endothelial cells (CD31+)
1769,1,VSMCs (aSMA+)
1770,4,Distal tubules (CD183+/CD227+)
1771,2,Immune cells (CD45+)
1772,6,Basement membrane (collagenIV+/Perlecan+)
1773,6,Basement membrane (collagenIV+/Perlecan+)
1774,4,Distal tubules (CD183+/CD227+)
1775,8,Macrophages (CD45+/CD68+)
1776,5,Low expressing cells
1777,2,Immune cells (CD45+)
1778,1,VSMCs (aSMA+)
1779,2,Immune cells (CD45+)
1780,6,Basement membrane (collagenIV+/Perlecan+)
1781,2,Immune cells (CD45+)
1782,1,VSMCs (aSMA+)
1783,0,Proximal tubules (CD183++/CD227-)
1784,6,Basement membrane (collagenIV+/Perlecan+)
1785,6,Basement membrane (collagenIV+/Perlecan+)
1786,4,Distal tubules (CD183+/CD227+)
1787,1,VSMCs (aSMA+)
1788,0,Proximal tubules (CD183++/CD227-)
1789,8,Macrophages (CD45+/CD68+)
1790,2,Immune cells (CD45+)
1791,6,Basement membrane (collagenIV+/Perlecan+)
1792,2,Immune cells (CD45+)
1793,10,Nestin+ cells (nestin+)
1794,8,Macrophages (CD45+/CD68+)
1795,8,Macrophages (CD45+/CD68+)
1796,5,Low expressing cells
1797,8,Macrophages (CD45+/CD68+)
1798,4,Distal tubules (CD183+/CD227+)
1799,0,Proximal tubules (CD183++/CD227-)
1800,1,VSMCs (aSMA+)
1801,1,VSMCs (aSMA+)
1802,6,Basement membrane (collagenIV+/Perlecan+)
1803,4,Distal tubules (CD183+/CD227+)
1804,9,Myeloid cells (CD45+/CD11b+)
1805,9,Myeloid cells (CD45+/CD11b+)
1806,4,Distal tubules (CD183+/CD227+)
1807,2,Immune cells (CD45+)
1808,8,Macrophages (CD45+/CD68+)
1809,2,Immune cells (CD45+)
1810,2,Immune cells (CD45+)
1811,4,Distal tubules (CD183+/CD227+)
1812,6,Basement membrane (collagenIV+/Perlecan+)
1813,2,Immune cells (CD45+)
1814,1,VSMCs (aSMA+)
1815,2,Immune cells (CD45+)
1816,6,Basement membrane (collagenIV+/Perlecan+)
1817,4,Distal tubules (CD183+/CD227+)
1818,1,VSMCs (aSMA+)
1819,3,Endothelial cells (CD31+)
1820,1,VSMCs (aSMA+)
1821,0,Proximal tubules (CD183++/CD227-)
1822,3,Endothelial cells (CD31+)
1823,8,Macrophages (CD45+/CD68+)
1824,2,Immune cells (CD45+)
1825,2,Immune cells (CD45+)
1826,0,Proximal tubules (CD183++/CD227-)
1827,8,Macrophages (CD45+/CD68+)
1828,0,Proximal tubules (CD183++/CD227-)
1829,2,Immune cells (CD45+)
1830,2,Immune cells (CD45+)
1831,0,Proximal tubules (CD183++/CD227-)
1832,6,Basement membrane (collagenIV+/Perlecan+)
1833,6,Basement membrane (collagenIV+/Perlecan+)
1834,1,VSMCs (aSMA+)
1835,10,Nestin+ cells (nestin+)
1836,2,Immune cells (CD45+)
1837,2,Immune cells (CD45+)
1838,2,Immune cells (CD45+)
1839,2,Immune cells (CD45+)
1840,8,Macrophages (CD45+/CD68+)
1841,4,Distal tubules (CD183+/CD227+)
1842,6,Basement membrane (collagenIV+/Perlecan+)
1843,0,Proximal tubules (CD183++/CD227-)
1844,2,Immune cells (CD45+)
1845,4,Distal tubules (CD183+/CD227+)
1846,6,Basement membrane (collagenIV+/Perlecan+)
1847,8,Macrophages (CD45+/CD68+)
1848,2,Immune cells (CD45+)
1849,1,VSMCs (aSMA+)
1850,6,Basement membrane (collagenIV+/Perlecan+)
1851,9,Myeloid cells (CD45+/CD11b+)
1852,4,Distal tubules (CD183+/CD227+)
1853,0,Proximal tubules (CD183++/CD227-)
1854,2,Immune cells (CD45+)
1855,6,Basement membrane (collagenIV+/Perlecan+)
1856,8,Macrophages (CD45+/CD68+)
1857,0,Proximal tubules (CD183++/CD227-)
1858,5,Low expressing cells
1859,4,Distal tubules (CD183+/CD227+)
1860,0,Proximal tubules (CD183++/CD227-)
1861,1,VSMCs (aSMA+)
1862,5,Low expressing cells
1863,5,Low expressing cells
1864,2,Immune cells (CD45+)
1865,4,Distal tubules (CD183+/CD227+)
1866,1,VSMCs (aSMA+)
1867,3,Endothelial cells (CD31+)
1868,5,Low expressing cells
1869,10,Nestin+ cells (nestin+)
1870,2,Immune cells (CD45+)
1871,2,Immune cells (CD45+)
1872,2,Immune cells (CD45+)
1873,2,Immune cells (CD45+)
1874,3,Endothelial cells (CD31+)
1875,0,Proximal tubules (CD183++/CD227-)
1876,6,Basement membrane (collagenIV+/Perlecan+)
1877,1,VSMCs (aSMA+)
1878,0,Proximal tubules (CD183++/CD227-)
1879,9,Myeloid cells (CD45+/CD11b+)
1880,1,VSMCs (aSMA+)
1881,10,Nestin+ cells (nestin+)
1882,2,Immune cells (CD45+)
1883,6,Basement membrane (collagenIV+/Perlecan+)
1884,1,VSMCs (aSMA+)
1885,7,Endothelial cells (CD31+/CD196+)
1886,5,Low expressing cells
1887,6,Basement membrane (collagenIV+/Perlecan+)
1888,6,Basement membrane (collagenIV+/Perlecan+)
1889,2,Immune cells (CD45+)
1890,4,Distal tubules (CD183+/CD227+)
1891,10,Nestin+ cells (nestin+)
1892,1,VSMCs (aSMA+)
1893,1,VSMCs (aSMA+)
1894,10,Nestin+ cells (nestin+)
1895,2,Immune cells (CD45+)
1896,7,Endothelial cells (CD31+/CD196+)
1897,2,Immune cells (CD45+)
1898,4,Distal tubules (CD183+/CD227+)
1899,4,Distal tubules (CD183+/CD227+)
1900,1,VSMCs (aSMA+)
1901,0,Proximal tubules (CD183++/CD227-)
1902,5,Low expressing cells
1903,2,Immune cells (CD45+)
1904,0,Proximal tubules (CD183++/CD227-)
1905,6,Basement membrane (collagenIV+/Perlecan+)
1906,2,Immune cells (CD45+)
1907,1,VSMCs (aSMA+)
1908,5,Low expressing cells
1909,8,Macrophages (CD45+/CD68+)
1910,1,VSMCs (aSMA+)
1911,1,VSMCs (aSMA+)
1912,6,Basement membrane (collagenIV+/Perlecan+)
1913,6,Basement membrane (collagenIV+/Perlecan+)
1914,1,VSMCs (aSMA+)
1915,8,Macrophages (CD45+/CD68+)
1916,0,Proximal tubules (CD183++/CD227-)
1917,2,Immune cells (CD45+)
1918,3,Endothelial cells (CD31+)
1919,2,Immune cells (CD45+)
1920,4,Distal tubules (CD183+/CD227+)
1921,6,Basement membrane (collagenIV+/Perlecan+)
1922,3,Endothelial cells (CD31+)
1923,2,Immune cells (CD45+)
1924,2,Immune cells (CD45+)
1925,4,Distal tubules (CD183+/CD227+)
1926,2,Immune cells (CD45+)
1927,0,Proximal tubules (CD183++/CD227-)
1928,10,Nestin+ cells (nestin+)
1929,0,Proximal tubules (CD183++/CD227-)
1930,2,Immune cells (CD45+)
1931,1,VSMCs (aSMA+)
1932,5,Low expressing cells
1933,7,Endothelial cells (CD31+/CD196+)
1934,2,Immune cells (CD45+)
1935,4,Distal tubules (CD183+/CD227+)
1936,10,Nestin+ cells (nestin+)
1937,1,VSMCs (aSMA+)
1938,2,Immune cells (CD45+)
1939,1,VSMCs (aSMA+)
1940,8,Macrophages (CD45+/CD68+)
1941,2,Immune cells (CD45+)
1942,2,Immune cells (CD45+)
1943,2,Immune cells (CD45+)
1944,2,Immune cells (CD45+)
1945,0,Proximal tubules (CD183++/CD227-)
1946,4,Distal tubules (CD183+/CD227+)
1947,8,Macrophages (CD45+/CD68+)
1948,6,Basement membrane (collagenIV+/Perlecan+)
1949,4,Distal tubules (CD183+/CD227+)
1950,8,Macrophages (CD45+/CD68+)
1951,6,Basement membrane (collagenIV+/Perlecan+)
1952,6,Basement membrane (collagenIV+/Perlecan+)
1953,2,Immune cells (CD45+)
1954,2,Immune cells (CD45+)
1955,6,Basement membrane (collagenIV+/Perlecan+)
1956,10,Nestin+ cells (nestin+)
1957,8,Macrophages (CD45+/CD68+)
1958,3,Endothelial cells (CD31+)
1959,2,Immune cells (CD45+)
1960,2,Immune cells (CD45+)
1961,4,Distal tubules (CD183+/CD227+)
1962,1,VSMCs (aSMA+)
1963,6,Basement membrane (collagenIV+/Perlecan+)
1964,5,Low expressing cells
1965,1,VSMCs (aSMA+)
1966,3,Endothelial cells (CD31+)
1967,8,Macrophages (CD45+/CD68+)
1968,2,Immune cells (CD45+)
1969,10,Nestin+ cells (nestin+)
1970,2,Immune cells (CD45+)
1971,5,Low expressing cells
1972,0,Proximal tubules (CD183++/CD227-)
1973,2,Immune cells (CD45+)
1974,8,Macrophages (CD45+/CD68+)
1975,4,Distal tubules (CD183+/CD227+)
1976,1,VSMCs (aSMA+)
1977,4,Distal tubules (CD183+/CD227+)
1978,5,Low expressing cells
1979,3,Endothelial cells (CD31+)
1980,2,Immune cells (CD45+)
1981,2,Immune cells (CD45+)
1982,6,Basement membrane (collagenIV+/Perlecan+)
1983,8,Macrophages (CD45+/CD68+)
1984,8,Macrophages (CD45+/CD68+)
1985,4,Distal tubules (CD183+/CD227+)
1986,4,Distal tubules (CD183+/CD227+)
1987,8,Macrophages (CD45+/CD68+)
1988,5,Low expressing cells
1989,4,Distal tubules (CD183+/CD227+)
1990,6,Basement membrane (collagenIV+/Perlecan+)
1991,2,Immune cells (CD45+)
1992,0,Proximal tubules (CD183++/CD227-)
1993,2,Immune cells (CD45+)
1994,2,Immune cells (CD45+)
1995,2,Immune cells (CD45+)
1996,10,Nestin+ cells (nestin+)
1997,0,Proximal tubules (CD183++/CD227-)
1998,2,Immune cells (CD45+)
1999,2,Immune cells (CD45+)
2000,6,Basement membrane (collagenIV+/Perlecan+)
2001,10,Nestin+ cells (nestin+)
2002,2,Immune cells (CD45+)
2003,6,Basement membrane (collagenIV+/Perlecan+)
2004,6,Basement membrane (collagenIV+/Perlecan+)
2005,2,Immune cells (CD45+)
2006,8,Macrophages (CD45+/CD68+)
2007,5,Low expressing cells
2008,0,Proximal tubules (CD183++/CD227-)
2009,4,Distal tubules (CD183+/CD227+)
2010,2,Immune cells (CD45+)
2011,4,Distal tubules (CD183+/CD227+)
2012,1,VSMCs (aSMA+)
2013,2,Immune cells (CD45+)
2014,6,Basement membrane (collagenIV+/Perlecan+)
2015,9,Myeloid cells (CD45+/CD11b+)
2016,2,Immune cells (CD45+)
2017,5,Low expressing cells
2018,3,Endothelial cells (CD31+)
2019,6,Basement membrane (collagenIV+/Perlecan+)
2020,10,Nestin+ cells (nestin+)
2021,4,Distal tubules (CD183+/CD227+)
2022,2,Immune cells (CD45+)
2023,2,Immune cells (CD45+)
2024,1,VSMCs (aSMA+)
2025,5,Low expressing cells
2026,0,Proximal tubules (CD183++/CD227-)
2027,5,Low expressing cells
2028,3,Endothelial cells (CD31+)
2029,0,Proximal tubules (CD183++/CD227-)
2030,1,VSMCs (aSMA+)
2031,2,Immune cells (CD45+)
2032,1,VSMCs (aSMA+)
2033,6,Basement membrane (collagenIV+/Perlecan+)
2034,8,Macrophages (CD45+/CD68+)
2035,2,Immune cells (CD45+)
2036,2,Immune cells (CD45+)
2037,4,Distal tubules (CD183+/CD227+)
2038,6,Basement membrane (collagenIV+/Perlecan+)
2039,6,Basement membrane (collagenIV+/Perlecan+)
2040,8,Macrophages (CD45+/CD68+)
2041,10,Nestin+ cells (nestin+)
2042,6,Basement membrane (collagenIV+/Perlecan+)
2043,2,Immune cells (CD45+)
2044,2,Immune cells (CD45+)
2045,5,Low expressing cells
2046,2,Immune cells (CD45+)
2047,9,Myeloid cells (CD45+/CD11b+)
2048,10,Nestin+ cells (nestin+)
2049,0,Proximal tubules (CD183++/CD227-)
2050,2,Immune cells (CD45+)
2051,3,Endothelial cells (CD31+)
2052,2,Immune cells (CD45+)
2053,3,Endothelial cells (CD31+)
2054,5,Low expressing cells
2055,4,Distal tubules (CD183+/CD227+)
2056,4,Distal tubules (CD183+/CD227+)
2057,1,VSMCs (aSMA+)
2058,5,Low expressing cells
2059,5,Low expressing cells
2060,5,Low expressing cells
2061,2,Immune cells (CD45+)
2062,5,Low expressing cells
2063,3,Endothelial cells (CD31+)
2064,0,Proximal tubules (CD183++/CD227-)
2065,2,Immune cells (CD45+)
2066,1,VSMCs (aSMA+)
2067,4,Distal tubules (CD183+/CD227+)
2068,3,Endothelial cells (CD31+)
2069,8,Macrophages (CD45+/CD68+)
2070,6,Basement membrane (collagenIV+/Perlecan+)
2071,0,Proximal tubules (CD183++/CD227-)
2072,2,Immune cells (CD45+)
2073,8,Macrophages (CD45+/CD68+)
2074,2,Immune cells (CD45+)
2075,0,Proximal tubules (CD183++/CD227-)
2076,2,Immune cells (CD45+)
2077,1,VSMCs (aSMA+)
2078,6,Basement membrane (collagenIV+/Perlecan+)
2079,2,Immune cells (CD45+)
2080,3,Endothelial cells (CD31+)
2081,5,Low expressing cells
2082,4,Distal tubules (CD183+/CD227+)
2083,8,Macrophages (CD45+/CD68+)
2084,4,Distal tubules (CD183+/CD227+)
2085,8,Macrophages (CD45+/CD68+)
2086,8,Macrophages (CD45+/CD68+)
2087,4,Distal tubules (CD183+/CD227+)
2088,6,Basement membrane (collagenIV+/Perlecan+)
2089,6,Basement membrane (collagenIV+/Perlecan+)
2090,8,Macrophages (CD45+/CD68+)
2091,0,Proximal tubules (CD183++/CD227-)
2092,0,Proximal tubules (CD183++/CD227-)
2093,2,Immune cells (CD45+)
2094,2,Immune cells (CD45+)
2095,6,Basement membrane (collagenIV+/Perlecan+)
2096,3,Endothelial cells (CD31+)
2097,4,Distal tubules (CD183+/CD227+)
2098,5,Low expressing cells
2099,0,Proximal tubules (CD183++/CD227-)
2100,6,Basement membrane (collagenIV+/Perlecan+)
2101,8,Macrophages (CD45+/CD68+)
2102,0,Proximal tubules (CD183++/CD227-)
2103,8,Macrophages (CD45+/CD68+)
2104,1,VSMCs (aSMA+)
2105,8,Macrophages (CD45+/CD68+)
2106,3,Endothelial cells (CD31+)
2107,6,Basement membrane (collagenIV+/Perlecan+)
2108,3,Endothelial cells (CD31+)
2109,5,Low expressing cells
2110,4,Distal tubules (CD183+/CD227+)
2111,3,Endothelial cells (CD31+)
2112,0,Proximal tubules (CD183++/CD227-)
2113,5,Low expressing cells
2114,8,Macrophages (CD45+/CD68+)
2115,5,Low expressing cells
2116,4,Distal tubules (CD183+/CD227+)
2117,6,Basement membrane (collagenIV+/Perlecan+)
2118,2,Immune cells (CD45+)
2119,6,Basement membrane (collagenIV+/Perlecan+)
2120,4,Distal tubules (CD183+/CD227+)
2121,0,Proximal tubules (CD183++/CD227-)
2122,6,Basement membrane (collagenIV+/Perlecan+)
2123,1,VSMCs (aSMA+)
2124,6,Basement membrane (collagenIV+/Perlecan+)
2125,0,Proximal tubules (CD183++/CD227-)
2126,8,Macrophages (CD45+/CD68+)
2127,2,Immune cells (CD45+)
2128,8,Macrophages (CD45+/CD68+)
2129,8,Macrophages (CD45+/CD68+)
2130,3,Endothelial cells (CD31+)
2131,1,VSMCs (aSMA+)
2132,9,Myeloid cells (CD45+/CD11b+)
2133,3,Endothelial cells (CD31+)
2134,2,Immune cells (CD45+)
2135,2,Immune cells (CD45+)
2136,7,Endothelial cells (CD31+/CD196+)
2137,8,Macrophages (CD45+/CD68+)
2138,8,Macrophages (CD45+/CD68+)
2139,2,Immune cells (CD45+)
2140,8,Macrophages (CD45+/CD68+)
2141,6,Basement membrane (collagenIV+/Perlecan+)
2142,1,VSMCs (aSMA+)
2143,10,Nestin+ cells (nestin+)
2144,5,Low expressing cells
2145,4,Distal tubules (CD183+/CD227+)
2146,2,Immune cells (CD45+)
2147,8,Macrophages (CD45+/CD68+)
2148,3,Endothelial cells (CD31+)
2149,5,Low expressing cells
2150,5,Low expressing cells
2151,1,VSMCs (aSMA+)
2152,10,Nestin+ cells (nestin+)
2153,2,Immune cells (CD45+)
2154,3,Endothelial cells (CD31+)
2155,2,Immune cells (CD45+)
2156,4,Distal tubules (CD183+/CD227+)
2157,1,VSMCs (aSMA+)
2158,3,Endothelial cells (CD31+)
2159,8,Macrophages (CD45+/CD68+)
2160,4,Distal tubules (CD183+/CD227+)
2161,6,Basement membrane (collagenIV+/Perlecan+)
2162,10,Nestin+ cells (nestin+)
2163,0,Proximal tubules (CD183++/CD227-)
2164,4,Distal tubules (CD183+/CD227+)
2165,1,VSMCs (aSMA+)
2166,0,Proximal tubules (CD183++/CD227-)
2167,0,Proximal tubules (CD183++/CD227-)
2168,3,Endothelial cells (CD31+)
2169,6,Basement membrane (collagenIV+/Perlecan+)
2170,0,Proximal tubules (CD183++/CD227-)
2171,4,Distal tubules (CD183+/CD227+)
2172,6,Basement membrane (collagenIV+/Perlecan+)
2173,3,Endothelial cells (CD31+)
2174,2,Immune cells (CD45+)
2175,2,Immune cells (CD45+)
2176,6,Basement membrane (collagenIV+/Perlecan+)
2177,6,Basement membrane (collagenIV+/Perlecan+)
2178,8,Macrophages (CD45+/CD68+)
2179,9,Myeloid cells (CD45+/CD11b+)
2180,2,Immune cells (CD45+)
2181,3,Endothelial cells (CD31+)
2182,1,VSMCs (aSMA+)
2183,5,Low expressing cells
2184,3,Endothelial cells (CD31+)
2185,3,Endothelial cells (CD31+)
2186,1,VSMCs (aSMA+)
2187,1,VSMCs (aSMA+)
2188,1,VSMCs (aSMA+)
2189,10,Nestin+ cells (nestin+)
2190,3,Endothelial cells (CD31+)
2191,6,Basement membrane (collagenIV+/Perlecan+)
2192,3,Endothelial cells (CD31+)
2193,0,Proximal tubules (CD183++/CD227-)
2194,2,Immune cells (CD45+)
2195,0,Proximal tubules (CD183++/CD227-)
2196,8,Macrophages (CD45+/CD68+)
2197,3,Endothelial cells (CD31+)
2198,0,Proximal tubules (CD183++/CD227-)
2199,10,Nestin+ cells (nestin+)
2200,3,Endothelial cells (CD31+)
2201,2,Immune cells (CD45+)
2202,5,Low expressing cells
2203,5,Low expressing cells
2204,2,Immune cells (CD45+)
2205,6,Basement membrane (collagenIV+/Perlecan+)
2206,2,Immune cells (CD45+)
2207,2,Immune cells (CD45+)
2208,1,VSMCs (aSMA+)
2209,1,VSMCs (aSMA+)
2210,10,Nestin+ cells (nestin+)
2211,2,Immune cells (CD45+)
2212,6,Basement membrane (collagenIV+/Perlecan+)
2213,5,Low expressing cells
2214,2,Immune cells (CD45+)
2215,6,Basement membrane (collagenIV+/Perlecan+)
2216,4,Distal tubules (CD183+/CD227+)
2217,3,Endothelial cells (CD31+)
2218,3,Endothelial cells (CD31+)
2219,2,Immune cells (CD45+)
2220,2,Immune cells (CD45+)
2221,1,VSMCs (aSMA+)
2222,5,Low expressing cells
2223,2,Immune cells (CD45+)
2224,2,Immune cells (CD45+)
2225,6,Basement membrane (collagenIV+/Perlecan+)
2226,6,Basement membrane (collagenIV+/Perlecan+)
2227,6,Basement membrane (collagenIV+/Perlecan+)
2228,1,VSMCs (aSMA+)
2229,0,Proximal tubules (CD183++/CD227-)
2230,4,Distal tubules (CD183+/CD227+)
2231,6,Basement membrane (collagenIV+/Perlecan+)
2232,5,Low expressing cells
2233,2,Immune cells (CD45+)
2234,2,Immune cells (CD45+)
2235,4,Distal tubules (CD183+/CD227+)
2236,6,Basement membrane (collagenIV+/Perlecan+)
2237,3,Endothelial cells (CD31+)
2238,2,Immune cells (CD45+)
2239,2,Immune cells (CD45+)
2240,5,Low expressing cells
2241,6,Basement membrane (collagenIV+/Perlecan+)
2242,6,Basement membrane (collagenIV+/Perlecan+)
2243,2,Immune cells (CD45+)
2244,8,Macrophages (CD45+/CD68+)
2245,10,Nestin+ cells (nestin+)
2246,10,Nestin+ cells (nestin+)
2247,3,Endothelial cells (CD31+)
2248,4,Distal tubules (CD183+/CD227+)
2249,8,Macrophages (CD45+/CD68+)
2250,2,Immune cells (CD45+)
2251,4,Distal tubules (CD183+/CD227+)
2252,8,Macrophages (CD45+/CD68+)
2253,3,Endothelial cells (CD31+)
2254,1,VSMCs (aSMA+)
2255,6,Basement membrane (collagenIV+/Perlecan+)
2256,8,Macrophages (CD45+/CD68+)
2257,1,VSMCs (aSMA+)
2258,2,Immune cells (CD45+)
2259,4,Distal tubules (CD183+/CD227+)
2260,8,Macrophages (CD45+/CD68+)
2261,5,Low expressing cells
2262,10,Nestin+ cells (nestin+)
2263,1,VSMCs (aSMA+)
2264,2,Immune cells (CD45+)
2265,6,Basement membrane (collagenIV+/Perlecan+)
2266,6,Basement membrane (collagenIV+/Perlecan+)
2267,0,Proximal tubules (CD183++/CD227-)
2268,0,Proximal tubules (CD183++/CD227-)
2269,3,Endothelial cells (CD31+)
2270,5,Low expressing cells
2271,0,Proximal tubules (CD183++/CD227-)
2272,5,Low expressing cells
2273,3,Endothelial cells (CD31+)
2274,2,Immune cells (CD45+)
2275,2,Immune cells (CD45+)
2276,2,Immune cells (CD45+)
2277,6,Basement membrane (collagenIV+/Perlecan+)
2278,6,Basement membrane (collagenIV+/Perlecan+)
2279,2,Immune cells (CD45+)
2280,5,Low expressing cells
2281,2,Immune cells (CD45+)
2282,4,Distal tubules (CD183+/CD227+)
2283,8,Macrophages (CD45+/CD68+)
2284,3,Endothelial cells (CD31+)
2285,2,Immune cells (CD45+)
2286,5,Low expressing cells
2287,4,Distal tubules (CD183+/CD227+)
2288,8,Macrophages (CD45+/CD68+)
2289,2,Immune cells (CD45+)
2290,8,Macrophages (CD45+/CD68+)
2291,4,Distal tubules (CD183+/CD227+)
2292,2,Immune cells (CD45+)
2293,6,Basement membrane (collagenIV+/Perlecan+)
2294,2,Immune cells (CD45+)
2295,2,Immune cells (CD45+)
2296,3,Endothelial cells (CD31+)
2297,2,Immune cells (CD45+)
2298,10,Nestin+ cells (nestin+)
2299,9,Myeloid cells (CD45+/CD11b+)
2300,8,Macrophages (CD45+/CD68+)
2301,2,Immune cells (CD45+)
2302,1,VSMCs (aSMA+)
2303,4,Distal tubules (CD183+/CD227+)
2304,7,Endothelial cells (CD31+/CD196+)
2305,3,Endothelial cells (CD31+)
2306,3,Endothelial cells (CD31+)
2307,5,Low expressing cells
2308,8,Macrophages (CD45+/CD68+)
2309,0,Proximal tubules (CD183++/CD227-)
2310,3,Endothelial cells (CD31+)
2311,2,Immune cells (CD45+)
2312,2,Immune cells (CD45+)
2313,2,Immune cells (CD45+)
2314,8,Macrophages (CD45+/CD68+)
2315,2,Immune cells (CD45+)
2316,4,Distal tubules (CD183+/CD227+)
2317,6,Basement membrane (collagenIV+/Perlecan+)
2318,8,Macrophages (CD45+/CD68+)
2319,1,VSMCs (aSMA+)
2320,4,Distal tubules (CD183+/CD227+)
2321,9,Myeloid cells (CD45+/CD11b+)
2322,10,Nestin+ cells (nestin+)
2323,4,Distal tubules (CD183+/CD227+)
2324,8,Macrophages (CD45+/CD68+)
2325,10,Nestin+ cells (nestin+)
2326,4,Distal tubules (CD183+/CD227+)
2327,2,Immune cells (CD45+)
2328,3,Endothelial cells (CD31+)
2329,9,Myeloid cells (CD45+/CD11b+)
2330,2,Immune cells (CD45+)
2331,1,VSMCs (aSMA+)
2332,2,Immune cells (CD45+)
2333,0,Proximal tubules (CD183++/CD227-)
2334,5,Low expressing cells
2335,3,Endothelial cells (CD31+)
2336,5,Low expressing cells
2337,1,VSMCs (aSMA+)
2338,5,Low expressing cells
2339,2,Immune cells (CD45+)
2340,5,Low expressing cells
2341,2,Immune cells (CD45+)
2342,4,Distal tubules (CD183+/CD227+)
2343,6,Basement membrane (collagenIV+/Perlecan+)
2344,0,Proximal tubules (CD183++/CD227-)
2345,0,Proximal tubules (CD183++/CD227-)
2346,6,Basement membrane (collagenIV+/Perlecan+)
2347,1,VSMCs (aSMA+)
2348,0,Proximal tubules (CD183++/CD227-)
2349,0,Proximal tubules (CD183++/CD227-)
2350,0,Proximal tubules (CD183++/CD227-)
2351,3,Endothelial cells (CD31+)
2352,3,Endothelial cells (CD31+)
2353,6,Basement membrane (collagenIV+/Perlecan+)
2354,4,Distal tubules (CD183+/CD227+)
2355,2,Immune cells (CD45+)
2356,7,Endothelial cells (CD31+/CD196+)
2357,10,Nestin+ cells (nestin+)
2358,4,Distal tubules (CD183+/CD227+)
2359,4,Distal tubules (CD183+/CD227+)
2360,2,Immune cells (CD45+)
2361,8,Macrophages (CD45+/CD68+)
2362,0,Proximal tubules (CD183++/CD227-)
2363,8,Macrophages (CD45+/CD68+)
2364,8,Macrophages (CD45+/CD68+)
2365,10,Nestin+ cells (nestin+)
2366,8,Macrophages (CD45+/CD68+)
2367,2,Immune cells (CD45+)
2368,3,Endothelial cells (CD31+)
2369,3,Endothelial cells (CD31+)
2370,1,VSMCs (aSMA+)
2371,2,Immune cells (CD45+)
2372,10,Nestin+ cells (nestin+)
2373,1,VSMCs (aSMA+)
2374,5,Low expressing cells
2375,2,Immune cells (CD45+)
2376,4,Distal tubules (CD183+/CD227+)
2377,6,Basement membrane (collagenIV+/Perlecan+)
2378,2,Immune cells (CD45+)
2379,8,Macrophages (CD45+/CD68+)
2380,10,Nestin+ cells (nestin+)
2381,1,VSMCs (aSMA+)
2382,3,Endothelial cells (CD31+)
2383,10,Nestin+ cells (nestin+)
2384,6,Basement membrane (collagenIV+/Perlecan+)
2385,8,Macrophages (CD45+/CD68+)
2386,2,Immune cells (CD45+)
2387,4,Distal tubules (CD183+/CD227+)
2388,4,Distal tubules (CD183+/CD227+)
2389,5,Low expressing cells
2390,3,Endothelial cells (CD31+)
2391,2,Immune cells (CD45+)
2392,6,Basement membrane (collagenIV+/Perlecan+)
2393,10,Nestin+ cells (nestin+)
2394,3,Endothelial cells (CD31+)
2395,2,Immune cells (CD45+)
2396,3,Endothelial cells (CD31+)
2397,3,Endothelial cells (CD31+)
2398,2,Immune cells (CD45+)
2399,8,Macrophages (CD45+/CD68+)
2400,3,Endothelial cells (CD31+)
2401,10,Nestin+ cells (nestin+)
2402,6,Basement membrane (collagenIV+/Perlecan+)
2403,0,Proximal tubules (CD183++/CD227-)
2404,2,Immune cells (CD45+)
2405,6,Basement membrane (collagenIV+/Perlecan+)
2406,3,Endothelial cells (CD31+)
2407,10,Nestin+ cells (nestin+)
2408,4,Distal tubules (CD183+/CD227+)
2409,5,Low expressing cells
2410,4,Distal tubules (CD183+/CD227+)
2411,0,Proximal tubules (CD183++/CD227-)
2412,2,Immune cells (CD45+)
2413,0,Proximal tubules (CD183++/CD227-)
2414,0,Proximal tubules (CD183++/CD227-)
2415,0,Proximal tubules (CD183++/CD227-)
2416,6,Basement membrane (collagenIV+/Perlecan+)
2417,9,Myeloid cells (CD45+/CD11b+)
2418,4,Distal tubules (CD183+/CD227+)
2419,6,Basement membrane (collagenIV+/Perlecan+)
2420,2,Immune cells (CD45+)
2421,3,Endothelial cells (CD31+)
2422,6,Basement membrane (collagenIV+/Perlecan+)
2423,3,Endothelial cells (CD31+)
2424,0,Proximal tubules (CD183++/CD227-)
2425,3,Endothelial cells (CD31+)
2426,1,VSMCs (aSMA+)
2427,4,Distal tubules (CD183+/CD227+)
2428,2,Immune cells (CD45+)
2429,9,Myeloid cells (CD45+/CD11b+)
2430,6,Basement membrane (collagenIV+/Perlecan+)
2431,1,VSMCs (aSMA+)
2432,6,Basement membrane (collagenIV+/Perlecan+)
2433,2,Immune cells (CD45+)
2434,1,VSMCs (aSMA+)
2435,0,Proximal tubules (CD183++/CD227-)
2436,9,Myeloid cells (CD45+/CD11b+)
2437,6,Basement membrane (collagenIV+/Perlecan+)
2438,8,Macrophages (CD45+/CD68+)
2439,6,Basement membrane (collagenIV+/Perlecan+)
2440,6,Basement membrane (collagenIV+/Perlecan+)
2441,6,Basement membrane (collagenIV+/Perlecan+)
2442,3,Endothelial cells (CD31+)
2443,10,Nestin+ cells (nestin+)
2444,8,Macrophages (CD45+/CD68+)
2445,2,Immune cells (CD45+)
2446,0,Proximal tubules (CD183++/CD227-)
2447,2,Immune cells (CD45+)
2448,0,Proximal tubules (CD183++/CD227-)
2449,1,VSMCs (aSMA+)
2450,0,Proximal tubules (CD183++/CD227-)
2451,0,Proximal tubules (CD183++/CD227-)
2452,8,Macrophages (CD45+/CD68+)
2453,8,Macrophages (CD45+/CD68+)
2454,0,Proximal tubules (CD183++/CD227-)
2455,4,Distal tubules (CD183+/CD227+)
2456,6,Basement membrane (collagenIV+/Perlecan+)
2457,2,Immune cells (CD45+)
2458,3,Endothelial cells (CD31+)
2459,6,Basement membrane (collagenIV+/Perlecan+)
2460,5,Low expressing cells
2461,6,Basement membrane (collagenIV+/Perlecan+)
2462,2,Immune cells (CD45+)
2463,2,Immune cells (CD45+)
2464,0,Proximal tubules (CD183++/CD227-)
2465,6,Basement membrane (collagenIV+/Perlecan+)
2466,0,Proximal tubules (CD183++/CD227-)
2467,5,Low expressing cells
2468,0,Proximal tubules (CD183++/CD227-)
2469,0,Proximal tubules (CD183++/CD227-)
2470,2,Immune cells (CD45+)
2471,0,Proximal tubules (CD183++/CD227-)
2472,4,Distal tubules (CD183+/CD227+)
2473,3,Endothelial cells (CD31+)
2474,3,Endothelial cells (CD31+)
2475,6,Basement membrane (collagenIV+/Perlecan+)
2476,6,Basement membrane (collagenIV+/Perlecan+)
2477,6,Basement membrane (collagenIV+/Perlecan+)
2478,3,Endothelial cells (CD31+)
2479,0,Proximal tubules (CD183++/CD227-)
2480,5,Low expressing cells
2481,5,Low expressing cells
2482,3,Endothelial cells (CD31+)
2483,5,Low expressing cells
2484,5,Low expressing cells
2485,8,Macrophages (CD45+/CD68+)
2486,0,Proximal tubules (CD183++/CD227-)
2487,0,Proximal tubules (CD183++/CD227-)
2488,3,Endothelial cells (CD31+)
2489,7,Endothelial cells (CD31+/CD196+)
2490,0,Proximal tubules (CD183++/CD227-)
2491,5,Low expressing cells
2492,5,Low expressing cells
2493,2,Immune cells (CD45+)
2494,8,Macrophages (CD45+/CD68+)
2495,0,Proximal tubules (CD183++/CD227-)
2496,5,Low expressing cells
2497,6,Basement membrane (collagenIV+/Perlecan+)
2498,4,Distal tubules (CD183+/CD227+)
2499,0,Proximal tubules (CD183++/CD227-)
2500,0,Proximal tubules (CD183++/CD227-)
2501,5,Low expressing cells
2502,8,Macrophages (CD45+/CD68+)
2503,0,Proximal tubules (CD183++/CD227-)
2504,0,Proximal tubules (CD183++/CD227-)
2505,4,Distal tubules (CD183+/CD227+)
2506,4,Distal tubules (CD183+/CD227+)
2507,4,Distal tubules (CD183+/CD227+)
2508,5,Low expressing cells
2509,0,Proximal tubules (CD183++/CD227-)
2510,2,Immune cells (CD45+)
2511,2,Immune cells (CD45+)
2512,9,Myeloid cells (CD45+/CD11b+)
2513,0,Proximal tubules (CD183++/CD227-)
2514,3,Endothelial cells (CD31+)
2515,2,Immune cells (CD45+)
2516,0,Proximal tubules (CD183++/CD227-)
2517,4,Distal tubules (CD183+/CD227+)
2518,0,Proximal tubules (CD183++/CD227-)
2519,2,Immune cells (CD45+)
2520,3,Endothelial cells (CD31+)
2521,5,Low expressing cells
2522,5,Low expressing cells
2523,5,Low expressing cells
2524,6,Basement membrane (collagenIV+/Perlecan+)
